[debug] [2025-08-20T20:40:15.421Z] [Firebase Plugin] Activating Firebase extension.
[info] [Firebase Plugin] Checked firebase-tools, is up to date!
[debug] [2025-08-20T20:40:17.652Z] [Firebase Plugin] requireAuthWrapper
[debug] [2025-08-20T20:40:17.652Z] > command requires scopes: ["email","openid","https://www.googleapis.com/auth/cloudplatformprojects.readonly","https://www.googleapis.com/auth/firebase","https://www.googleapis.com/auth/cloud-platform"]
[debug] [2025-08-20T20:40:17.653Z] > authorizing via signed-in user (amaymalviya2@gmail.com)
[debug] [2025-08-20T20:40:17.655Z] Checked if tokens are valid: false, expires at: 1755719067432
[debug] [2025-08-20T20:40:17.655Z] Checked if tokens are valid: false, expires at: 1755719067432
[debug] [2025-08-20T20:40:17.656Z] > refreshing access token with scopes: []
[debug] [2025-08-20T20:40:17.657Z] >>> [apiv2][query] POST https://www.googleapis.com/oauth2/v3/token [none]
[debug] [2025-08-20T20:40:17.657Z] >>> [apiv2][body] POST https://www.googleapis.com/oauth2/v3/token [omitted]
[debug] [2025-08-20T20:40:17.662Z] [Firebase Plugin] VSCode notification server listening on port 40001
[info] [Firebase Plugin] Starting Data Connect toolkit (version 2.10.1) on port 50001
[debug] [2025-08-20T20:40:19.677Z] I0821 02:10:19.645164   10072 control.go:84] [/emulator/petconnect 1041] UpdateResources(): done
Schema: sources: schema/schema.gql [2088B] 
Connector "default": sources: connector/queries.gql [1947B] connector/mutations.gql [1301B] 
 {"metadata":{"emulator":{"name":"dataconnect"},"message":"I0821 02:10:19.645164   10072 control.go:84] [/emulator/petconnect 1041] UpdateResources(): done\nSchema: sources: schema/schema.gql [2088B] \nConnector \"default\": sources: connector/queries.gql [1947B] connector/mutations.gql [1301B] \n"}}
[debug] [2025-08-20T20:40:19.680Z] Ignoring unsupported arg: auto_download {"metadata":{"emulator":{"name":"dataconnect"},"message":"Ignoring unsupported arg: auto_download"}}
[debug] [2025-08-20T20:40:19.680Z] Ignoring unsupported arg: port {"metadata":{"emulator":{"name":"dataconnect"},"message":"Ignoring unsupported arg: port"}}
[debug] [2025-08-20T20:40:19.681Z] Starting Data Connect Emulator with command {"binary":"/Users/amaymalviya/.cache/firebase/emulators/dataconnect-emulator-2.10.1","args":["--logtostderr","-v=2","dev","--listen=localhost:50001","--config_dir=/Users/amaymalviya/Documents/Development/MajorPP/pet_connect/dataconnect","--enable_output_schema_extensions=true","--enable_output_generated_sdk=true"],"optionalArgs":["listen","config_dir","enable_output_schema_extensions","enable_output_generated_sdk"],"joinArgs":true,"shell":false,"port":9399} {"metadata":{"emulator":{"name":"dataconnect"},"message":"Starting Data Connect Emulator with command {\"binary\":\"/Users/amaymalviya/.cache/firebase/emulators/dataconnect-emulator-2.10.1\",\"args\":[\"--logtostderr\",\"-v=2\",\"dev\",\"--listen=localhost:50001\",\"--config_dir=/Users/amaymalviya/Documents/Development/MajorPP/pet_connect/dataconnect\",\"--enable_output_schema_extensions=true\",\"--enable_output_generated_sdk=true\"],\"optionalArgs\":[\"listen\",\"config_dir\",\"enable_output_schema_extensions\",\"enable_output_generated_sdk\"],\"joinArgs\":true,\"shell\":false,\"port\":9399}"}}
[info] i  dataconnect: Data Connect Emulator logging to dataconnect-debug.log {"metadata":{"emulator":{"name":"dataconnect"},"message":"Data Connect Emulator logging to dataconnect-debug.log"}}
[debug] [2025-08-20T20:40:19.910Z] <<< [apiv2][status] POST https://www.googleapis.com/oauth2/v3/token 200
[debug] [2025-08-20T20:40:19.910Z] <<< [apiv2][body] POST https://www.googleapis.com/oauth2/v3/token [omitted]
[debug] [2025-08-20T20:40:19.932Z] [Firebase Plugin] User found:  amaymalviya2@gmail.com
[info] [Firebase Plugin] (Core:Project) New user detected, fetching projects
[debug] [2025-08-20T20:40:19.933Z] Checked if tokens are valid: true, expires at: 1755726018910
[debug] [2025-08-20T20:40:19.934Z] >>> [apiv2][query] GET https://firebase.googleapis.com/v1beta1/projects pageSize=1000
[debug] [2025-08-20T20:40:20.145Z] I0821 02:10:20.142712   10080 load.go:37] Reloading schema and connectors...
 {"metadata":{"emulator":{"name":"dataconnect"},"message":"I0821 02:10:20.142712   10080 load.go:37] Reloading schema and connectors...\n"}}
[debug] [2025-08-20T20:40:20.203Z] I0821 02:10:20.203148   10080 control.go:84] [/emulator/petconnect 37ba] UpdateResources(): done
Schema: sources: schema/schema.gql [2088B] 
Connector "default": sources: connector/mutations.gql [1301B] connector/queries.gql [1947B] 
 {"metadata":{"emulator":{"name":"dataconnect"},"message":"I0821 02:10:20.203148   10080 control.go:84] [/emulator/petconnect 37ba] UpdateResources(): done\nSchema: sources: schema/schema.gql [2088B] \nConnector \"default\": sources: connector/mutations.gql [1301B] connector/queries.gql [1947B] \n"}}
[debug] [2025-08-20T20:40:20.263Z] I0821 02:10:20.262769   10080 collector.go:107] schema extensions wrote into "/Users/amaymalviya/Documents/Development/MajorPP/pet_connect/dataconnect/.dataconnect/schema"
Generated sources: prelude.gql [73172B] 
 {"metadata":{"emulator":{"name":"dataconnect"},"message":"I0821 02:10:20.262769   10080 collector.go:107] schema extensions wrote into \"/Users/amaymalviya/Documents/Development/MajorPP/pet_connect/dataconnect/.dataconnect/schema\"\nGenerated sources: prelude.gql [73172B] \n"}}
[debug] [2025-08-20T20:40:20.264Z] I0821 02:10:20.263702   10080 load.go:115] Finished reloading
 {"metadata":{"emulator":{"name":"dataconnect"},"message":"I0821 02:10:20.263702   10080 load.go:115] Finished reloading\n"}}
[debug] [2025-08-20T20:40:20.278Z] I0821 02:10:20.278295   10080 dev.go:95] Listening on address (HTTP + gRPC): 127.0.0.1:50001
 {"metadata":{"emulator":{"name":"dataconnect"},"message":"I0821 02:10:20.278295   10080 dev.go:95] Listening on address (HTTP + gRPC): 127.0.0.1:50001\n"}}
[debug] [2025-08-20T20:40:20.745Z] I0821 02:10:20.744901   10080 engine.go:174] [/emulator/petconnect 37ba] ExecuteGraphqlRead IntrospectionQuery: succeeded. 
 {"metadata":{"emulator":{"name":"dataconnect"},"message":"I0821 02:10:20.744901   10080 engine.go:174] [/emulator/petconnect 37ba] ExecuteGraphqlRead IntrospectionQuery: succeeded. \n"}}
[debug] [2025-08-20T20:40:20.963Z] <<< [apiv2][status] GET https://firebase.googleapis.com/v1beta1/projects 200
[debug] [2025-08-20T20:40:20.963Z] <<< [apiv2][body] GET https://firebase.googleapis.com/v1beta1/projects [omitted]
[info] [Firebase Plugin] Stopping Data Connect toolkit
[warn] ⚠  Data Connect Emulator has exited upon receiving signal: SIGINT 
[debug] [2025-08-21T03:34:40.122Z] [Firebase Plugin] Activating Firebase extension.
[debug] [2025-08-21T03:34:42.983Z] [Firebase Plugin] requireAuthWrapper
[debug] [2025-08-21T03:34:42.984Z] > command requires scopes: ["email","openid","https://www.googleapis.com/auth/cloudplatformprojects.readonly","https://www.googleapis.com/auth/firebase","https://www.googleapis.com/auth/cloud-platform"]
[debug] [2025-08-21T03:34:42.984Z] > authorizing via signed-in user (amaymalviya2@gmail.com)
[debug] [2025-08-21T03:34:42.986Z] Checked if tokens are valid: false, expires at: 1755726018910
[debug] [2025-08-21T03:34:42.986Z] Checked if tokens are valid: false, expires at: 1755726018910
[debug] [2025-08-21T03:34:42.986Z] > refreshing access token with scopes: []
[debug] [2025-08-21T03:34:42.987Z] >>> [apiv2][query] POST https://www.googleapis.com/oauth2/v3/token [none]
[debug] [2025-08-21T03:34:42.987Z] >>> [apiv2][body] POST https://www.googleapis.com/oauth2/v3/token [omitted]
[debug] [2025-08-21T03:34:42.992Z] [Firebase Plugin] VSCode notification server listening on port 40001
[info] [Firebase Plugin] Starting Data Connect toolkit (version 2.10.1) on port 50001
[debug] [2025-08-21T03:34:44.441Z] I0821 09:04:44.425752   30035 control.go:84] [/emulator/petconnect 77ad] UpdateResources(): done
Schema: sources: schema/schema.gql [2088B] 
Connector "default": sources: connector/mutations.gql [1301B] connector/queries.gql [1947B] 
 {"metadata":{"emulator":{"name":"dataconnect"},"message":"I0821 09:04:44.425752   30035 control.go:84] [/emulator/petconnect 77ad] UpdateResources(): done\nSchema: sources: schema/schema.gql [2088B] \nConnector \"default\": sources: connector/mutations.gql [1301B] connector/queries.gql [1947B] \n"}}
[debug] [2025-08-21T03:34:44.442Z] Ignoring unsupported arg: auto_download {"metadata":{"emulator":{"name":"dataconnect"},"message":"Ignoring unsupported arg: auto_download"}}
[debug] [2025-08-21T03:34:44.442Z] Ignoring unsupported arg: port {"metadata":{"emulator":{"name":"dataconnect"},"message":"Ignoring unsupported arg: port"}}
[debug] [2025-08-21T03:34:44.442Z] Starting Data Connect Emulator with command {"binary":"/Users/amaymalviya/.cache/firebase/emulators/dataconnect-emulator-2.10.1","args":["--logtostderr","-v=2","dev","--listen=localhost:50001","--config_dir=/Users/amaymalviya/Documents/Development/MajorPP/pet_connect/dataconnect","--enable_output_schema_extensions=true","--enable_output_generated_sdk=true"],"optionalArgs":["listen","config_dir","enable_output_schema_extensions","enable_output_generated_sdk"],"joinArgs":true,"shell":false,"port":9399} {"metadata":{"emulator":{"name":"dataconnect"},"message":"Starting Data Connect Emulator with command {\"binary\":\"/Users/amaymalviya/.cache/firebase/emulators/dataconnect-emulator-2.10.1\",\"args\":[\"--logtostderr\",\"-v=2\",\"dev\",\"--listen=localhost:50001\",\"--config_dir=/Users/amaymalviya/Documents/Development/MajorPP/pet_connect/dataconnect\",\"--enable_output_schema_extensions=true\",\"--enable_output_generated_sdk=true\"],\"optionalArgs\":[\"listen\",\"config_dir\",\"enable_output_schema_extensions\",\"enable_output_generated_sdk\"],\"joinArgs\":true,\"shell\":false,\"port\":9399}"}}
[info] i  dataconnect: Data Connect Emulator logging to dataconnect-debug.log {"metadata":{"emulator":{"name":"dataconnect"},"message":"Data Connect Emulator logging to dataconnect-debug.log"}}
[debug] [2025-08-21T03:34:44.914Z] I0821 09:04:44.911363   30038 load.go:37] Reloading schema and connectors...
 {"metadata":{"emulator":{"name":"dataconnect"},"message":"I0821 09:04:44.911363   30038 load.go:37] Reloading schema and connectors...\n"}}
[debug] [2025-08-21T03:34:44.960Z] I0821 09:04:44.960858   30038 control.go:84] [/emulator/petconnect c932] UpdateResources(): done
Schema: sources: schema/schema.gql [2088B] 
Connector "default": sources: connector/queries.gql [1947B] connector/mutations.gql [1301B] 
 {"metadata":{"emulator":{"name":"dataconnect"},"message":"I0821 09:04:44.960858   30038 control.go:84] [/emulator/petconnect c932] UpdateResources(): done\nSchema: sources: schema/schema.gql [2088B] \nConnector \"default\": sources: connector/queries.gql [1947B] connector/mutations.gql [1301B] \n"}}
[debug] [2025-08-21T03:34:45.001Z] I0821 09:04:45.001430   30038 collector.go:107] schema extensions wrote into "/Users/amaymalviya/Documents/Development/MajorPP/pet_connect/dataconnect/.dataconnect/schema"
Generated sources: prelude.gql [73172B] 
 {"metadata":{"emulator":{"name":"dataconnect"},"message":"I0821 09:04:45.001430   30038 collector.go:107] schema extensions wrote into \"/Users/amaymalviya/Documents/Development/MajorPP/pet_connect/dataconnect/.dataconnect/schema\"\nGenerated sources: prelude.gql [73172B] \n"}}
[debug] [2025-08-21T03:34:45.002Z] I0821 09:04:45.001900   30038 load.go:115] Finished reloading
 {"metadata":{"emulator":{"name":"dataconnect"},"message":"I0821 09:04:45.001900   30038 load.go:115] Finished reloading\n"}}
[debug] [2025-08-21T03:34:45.016Z] I0821 09:04:45.015293   30038 dev.go:95] Listening on address (HTTP + gRPC): 127.0.0.1:50001
 {"metadata":{"emulator":{"name":"dataconnect"},"message":"I0821 09:04:45.015293   30038 dev.go:95] Listening on address (HTTP + gRPC): 127.0.0.1:50001\n"}}
[debug] [2025-08-21T03:34:46.496Z] <<< [apiv2][status] POST https://www.googleapis.com/oauth2/v3/token 200
[debug] [2025-08-21T03:34:46.497Z] <<< [apiv2][body] POST https://www.googleapis.com/oauth2/v3/token [omitted]
[debug] [2025-08-21T03:34:46.511Z] [Firebase Plugin] User found:  amaymalviya2@gmail.com
[info] [Firebase Plugin] (Core:Project) New user detected, fetching projects
[debug] [2025-08-21T03:34:46.511Z] Checked if tokens are valid: true, expires at: 1755750885497
[debug] [2025-08-21T03:34:46.512Z] >>> [apiv2][query] GET https://firebase.googleapis.com/v1beta1/projects pageSize=1000
[debug] [2025-08-21T03:34:47.644Z] <<< [apiv2][status] GET https://firebase.googleapis.com/v1beta1/projects 200
[debug] [2025-08-21T03:34:47.644Z] <<< [apiv2][body] GET https://firebase.googleapis.com/v1beta1/projects [omitted]
[debug] [2025-08-21T03:34:50.214Z] I0821 09:04:50.214143   30038 engine.go:174] [/emulator/petconnect c932] ExecuteGraphqlRead IntrospectionQuery: succeeded. 
 {"metadata":{"emulator":{"name":"dataconnect"},"message":"I0821 09:04:50.214143   30038 engine.go:174] [/emulator/petconnect c932] ExecuteGraphqlRead IntrospectionQuery: succeeded. \n"}}
[info] [Firebase Plugin] Stopping Data Connect toolkit
[warn] ⚠  Data Connect Emulator has exited upon receiving signal: SIGINT 
[debug] [2025-08-21T04:42:21.604Z] [Firebase Plugin] Activating Firebase extension.
[debug] [2025-08-21T04:42:37.604Z] [Firebase Plugin] requireAuthWrapper
[debug] [2025-08-21T04:42:37.609Z] > command requires scopes: ["email","openid","https://www.googleapis.com/auth/cloudplatformprojects.readonly","https://www.googleapis.com/auth/firebase","https://www.googleapis.com/auth/cloud-platform"]
[debug] [2025-08-21T04:42:37.610Z] > authorizing via signed-in user (amaymalviya2@gmail.com)
[debug] [2025-08-21T04:42:37.621Z] Checked if tokens are valid: false, expires at: 1755750885497
[debug] [2025-08-21T04:42:37.622Z] Checked if tokens are valid: false, expires at: 1755750885497
[debug] [2025-08-21T04:42:37.622Z] > refreshing access token with scopes: []
[debug] [2025-08-21T04:42:37.627Z] >>> [apiv2][query] POST https://www.googleapis.com/oauth2/v3/token [none]
[debug] [2025-08-21T04:42:37.628Z] >>> [apiv2][body] POST https://www.googleapis.com/oauth2/v3/token [omitted]
[debug] [2025-08-21T04:42:37.652Z] [Firebase Plugin] VSCode notification server listening on port 40001
[debug] [2025-08-21T04:42:38.143Z] <<< [apiv2][status] POST https://www.googleapis.com/oauth2/v3/token 200
[debug] [2025-08-21T04:42:38.144Z] <<< [apiv2][body] POST https://www.googleapis.com/oauth2/v3/token [omitted]
[debug] [2025-08-21T04:42:38.165Z] [Firebase Plugin] User found:  amaymalviya2@gmail.com
[info] [Firebase Plugin] (Core:Project) New user detected, fetching projects
[debug] [2025-08-21T04:42:38.166Z] Checked if tokens are valid: true, expires at: 1755754957144
[debug] [2025-08-21T04:42:38.169Z] >>> [apiv2][query] GET https://firebase.googleapis.com/v1beta1/projects pageSize=1000
[info] [Firebase Plugin] Starting Data Connect toolkit (version 2.10.1) on port 50001
[debug] [2025-08-21T04:42:46.231Z] I0821 10:12:42.841381   42056 control.go:84] [/emulator/petconnect 078f] UpdateResources(): done
Schema: sources: schema/schema.gql [2088B] 
Connector "default": sources: connector/mutations.gql [1301B] connector/queries.gql [1947B] 
 {"metadata":{"emulator":{"name":"dataconnect"},"message":"I0821 10:12:42.841381   42056 control.go:84] [/emulator/petconnect 078f] UpdateResources(): done\nSchema: sources: schema/schema.gql [2088B] \nConnector \"default\": sources: connector/mutations.gql [1301B] connector/queries.gql [1947B] \n"}}
[debug] [2025-08-21T04:42:46.238Z] Ignoring unsupported arg: auto_download {"metadata":{"emulator":{"name":"dataconnect"},"message":"Ignoring unsupported arg: auto_download"}}
[debug] [2025-08-21T04:42:46.238Z] Ignoring unsupported arg: port {"metadata":{"emulator":{"name":"dataconnect"},"message":"Ignoring unsupported arg: port"}}
[debug] [2025-08-21T04:42:46.238Z] Starting Data Connect Emulator with command {"binary":"/Users/amaymalviya/.cache/firebase/emulators/dataconnect-emulator-2.10.1","args":["--logtostderr","-v=2","dev","--listen=localhost:50001","--config_dir=/Users/amaymalviya/Documents/Development/MajorPP/pet_connect/dataconnect","--enable_output_schema_extensions=true","--enable_output_generated_sdk=true"],"optionalArgs":["listen","config_dir","enable_output_schema_extensions","enable_output_generated_sdk"],"joinArgs":true,"shell":false,"port":9399} {"metadata":{"emulator":{"name":"dataconnect"},"message":"Starting Data Connect Emulator with command {\"binary\":\"/Users/amaymalviya/.cache/firebase/emulators/dataconnect-emulator-2.10.1\",\"args\":[\"--logtostderr\",\"-v=2\",\"dev\",\"--listen=localhost:50001\",\"--config_dir=/Users/amaymalviya/Documents/Development/MajorPP/pet_connect/dataconnect\",\"--enable_output_schema_extensions=true\",\"--enable_output_generated_sdk=true\"],\"optionalArgs\":[\"listen\",\"config_dir\",\"enable_output_schema_extensions\",\"enable_output_generated_sdk\"],\"joinArgs\":true,\"shell\":false,\"port\":9399}"}}
[info] i  dataconnect: Data Connect Emulator logging to dataconnect-debug.log {"metadata":{"emulator":{"name":"dataconnect"},"message":"Data Connect Emulator logging to dataconnect-debug.log"}}
[debug] [2025-08-21T04:42:47.623Z] I0821 10:12:47.133246   42071 load.go:37] Reloading schema and connectors...
I0821 10:12:47.247086   42071 control.go:84] [/emulator/petconnect 87b5] UpdateResources(): done
Schema: sources: schema/schema.gql [2088B] 
Connector "default": sources: connector/mutations.gql [1301B] connector/queries.gql [1947B] 
I0821 10:12:47.322445   42071 collector.go:107] schema extensions wrote into "/Users/amaymalviya/Documents/Development/MajorPP/pet_connect/dataconnect/.dataconnect/schema"
Generated sources: prelude.gql [73172B] 
I0821 10:12:47.323096   42071 load.go:115] Finished reloading
I0821 10:12:47.347097   42071 dev.go:95] Listening on address (HTTP + gRPC): 127.0.0.1:50001
 {"metadata":{"emulator":{"name":"dataconnect"},"message":"I0821 10:12:47.133246   42071 load.go:37] Reloading schema and connectors...\nI0821 10:12:47.247086   42071 control.go:84] [/emulator/petconnect 87b5] UpdateResources(): done\nSchema: sources: schema/schema.gql [2088B] \nConnector \"default\": sources: connector/mutations.gql [1301B] connector/queries.gql [1947B] \nI0821 10:12:47.322445   42071 collector.go:107] schema extensions wrote into \"/Users/amaymalviya/Documents/Development/MajorPP/pet_connect/dataconnect/.dataconnect/schema\"\nGenerated sources: prelude.gql [73172B] \nI0821 10:12:47.323096   42071 load.go:115] Finished reloading\nI0821 10:12:47.347097   42071 dev.go:95] Listening on address (HTTP + gRPC): 127.0.0.1:50001\n"}}
[debug] [2025-08-21T04:42:47.760Z] <<< [apiv2][status] GET https://firebase.googleapis.com/v1beta1/projects 200
[debug] [2025-08-21T04:42:47.761Z] <<< [apiv2][body] GET https://firebase.googleapis.com/v1beta1/projects [omitted]
[debug] [2025-08-21T04:42:48.454Z] I0821 10:12:48.452643   42071 engine.go:174] [/emulator/petconnect 87b5] ExecuteGraphqlRead IntrospectionQuery: succeeded. 
 {"metadata":{"emulator":{"name":"dataconnect"},"message":"I0821 10:12:48.452643   42071 engine.go:174] [/emulator/petconnect 87b5] ExecuteGraphqlRead IntrospectionQuery: succeeded. \n"}}
[info] [Firebase Plugin] Stopping Data Connect toolkit
[warn] ⚠  Data Connect Emulator has exited upon receiving signal: SIGINT 
[debug] [2025-08-22T13:15:46.514Z] [Firebase Plugin] Activating Firebase extension.
[debug] [2025-08-22T13:15:50.165Z] [Firebase Plugin] requireAuthWrapper
[debug] [2025-08-22T13:15:50.166Z] > command requires scopes: ["email","openid","https://www.googleapis.com/auth/cloudplatformprojects.readonly","https://www.googleapis.com/auth/firebase","https://www.googleapis.com/auth/cloud-platform"]
[debug] [2025-08-22T13:15:50.166Z] > authorizing via signed-in user (amaymalviya2@gmail.com)
[debug] [2025-08-22T13:15:50.168Z] Checked if tokens are valid: false, expires at: 1755754957144
[debug] [2025-08-22T13:15:50.168Z] Checked if tokens are valid: false, expires at: 1755754957144
[debug] [2025-08-22T13:15:50.169Z] > refreshing access token with scopes: []
[debug] [2025-08-22T13:15:50.169Z] >>> [apiv2][query] POST https://www.googleapis.com/oauth2/v3/token [none]
[debug] [2025-08-22T13:15:50.170Z] >>> [apiv2][body] POST https://www.googleapis.com/oauth2/v3/token [omitted]
[debug] [2025-08-22T13:15:50.175Z] [Firebase Plugin] VSCode notification server listening on port 40001
[info] [Firebase Plugin] Starting Data Connect toolkit (version 2.10.1) on port 50001
[debug] [2025-08-22T13:15:51.741Z] I0822 18:45:51.726738   16666 control.go:84] [/emulator/petconnect 7e47] UpdateResources(): done
Schema: sources: schema/schema.gql [2088B] 
Connector "default": sources: connector/mutations.gql [1301B] connector/queries.gql [1947B] 
 {"metadata":{"emulator":{"name":"dataconnect"},"message":"I0822 18:45:51.726738   16666 control.go:84] [/emulator/petconnect 7e47] UpdateResources(): done\nSchema: sources: schema/schema.gql [2088B] \nConnector \"default\": sources: connector/mutations.gql [1301B] connector/queries.gql [1947B] \n"}}
[debug] [2025-08-22T13:15:51.742Z] Ignoring unsupported arg: auto_download {"metadata":{"emulator":{"name":"dataconnect"},"message":"Ignoring unsupported arg: auto_download"}}
[debug] [2025-08-22T13:15:51.742Z] Ignoring unsupported arg: port {"metadata":{"emulator":{"name":"dataconnect"},"message":"Ignoring unsupported arg: port"}}
[debug] [2025-08-22T13:15:51.742Z] Starting Data Connect Emulator with command {"binary":"/Users/amaymalviya/.cache/firebase/emulators/dataconnect-emulator-2.10.1","args":["--logtostderr","-v=2","dev","--listen=localhost:50001","--config_dir=/Users/amaymalviya/Documents/Development/MajorPP/pet_connect/dataconnect","--enable_output_schema_extensions=true","--enable_output_generated_sdk=true"],"optionalArgs":["listen","config_dir","enable_output_schema_extensions","enable_output_generated_sdk"],"joinArgs":true,"shell":false,"port":9399} {"metadata":{"emulator":{"name":"dataconnect"},"message":"Starting Data Connect Emulator with command {\"binary\":\"/Users/amaymalviya/.cache/firebase/emulators/dataconnect-emulator-2.10.1\",\"args\":[\"--logtostderr\",\"-v=2\",\"dev\",\"--listen=localhost:50001\",\"--config_dir=/Users/amaymalviya/Documents/Development/MajorPP/pet_connect/dataconnect\",\"--enable_output_schema_extensions=true\",\"--enable_output_generated_sdk=true\"],\"optionalArgs\":[\"listen\",\"config_dir\",\"enable_output_schema_extensions\",\"enable_output_generated_sdk\"],\"joinArgs\":true,\"shell\":false,\"port\":9399}"}}
[info] i  dataconnect: Data Connect Emulator logging to dataconnect-debug.log {"metadata":{"emulator":{"name":"dataconnect"},"message":"Data Connect Emulator logging to dataconnect-debug.log"}}
[debug] [2025-08-22T13:15:51.925Z] <<< [apiv2][status] POST https://www.googleapis.com/oauth2/v3/token 200
[debug] [2025-08-22T13:15:51.925Z] <<< [apiv2][body] POST https://www.googleapis.com/oauth2/v3/token [omitted]
[debug] [2025-08-22T13:15:51.937Z] [Firebase Plugin] User found:  amaymalviya2@gmail.com
[info] [Firebase Plugin] (Core:Project) New user detected, fetching projects
[debug] [2025-08-22T13:15:51.938Z] Checked if tokens are valid: true, expires at: 1755872150925
[debug] [2025-08-22T13:15:51.939Z] >>> [apiv2][query] GET https://firebase.googleapis.com/v1beta1/projects pageSize=1000
[debug] [2025-08-22T13:15:51.959Z] I0822 18:45:51.957475   16672 load.go:37] Reloading schema and connectors...
 {"metadata":{"emulator":{"name":"dataconnect"},"message":"I0822 18:45:51.957475   16672 load.go:37] Reloading schema and connectors...\n"}}
[debug] [2025-08-22T13:15:51.991Z] I0822 18:45:51.991485   16672 control.go:84] [/emulator/petconnect d331] UpdateResources(): done
Schema: sources: schema/schema.gql [2088B] 
Connector "default": sources: connector/mutations.gql [1301B] connector/queries.gql [1947B] 
 {"metadata":{"emulator":{"name":"dataconnect"},"message":"I0822 18:45:51.991485   16672 control.go:84] [/emulator/petconnect d331] UpdateResources(): done\nSchema: sources: schema/schema.gql [2088B] \nConnector \"default\": sources: connector/mutations.gql [1301B] connector/queries.gql [1947B] \n"}}
[debug] [2025-08-22T13:15:52.013Z] I0822 18:45:52.012357   16672 collector.go:107] schema extensions wrote into "/Users/amaymalviya/Documents/Development/MajorPP/pet_connect/dataconnect/.dataconnect/schema"
Generated sources: prelude.gql [73172B] 
 {"metadata":{"emulator":{"name":"dataconnect"},"message":"I0822 18:45:52.012357   16672 collector.go:107] schema extensions wrote into \"/Users/amaymalviya/Documents/Development/MajorPP/pet_connect/dataconnect/.dataconnect/schema\"\nGenerated sources: prelude.gql [73172B] \n"}}
[debug] [2025-08-22T13:15:52.013Z] I0822 18:45:52.013431   16672 load.go:115] Finished reloading
 {"metadata":{"emulator":{"name":"dataconnect"},"message":"I0822 18:45:52.013431   16672 load.go:115] Finished reloading\n"}}
[debug] [2025-08-22T13:15:52.026Z] I0822 18:45:52.025354   16672 dev.go:95] Listening on address (HTTP + gRPC): 127.0.0.1:50001
 {"metadata":{"emulator":{"name":"dataconnect"},"message":"I0822 18:45:52.025354   16672 dev.go:95] Listening on address (HTTP + gRPC): 127.0.0.1:50001\n"}}
[debug] [2025-08-22T13:15:52.321Z] I0822 18:45:52.321388   16672 engine.go:174] [/emulator/petconnect d331] ExecuteGraphqlRead IntrospectionQuery: succeeded. 
 {"metadata":{"emulator":{"name":"dataconnect"},"message":"I0822 18:45:52.321388   16672 engine.go:174] [/emulator/petconnect d331] ExecuteGraphqlRead IntrospectionQuery: succeeded. \n"}}
[debug] [2025-08-22T13:15:52.815Z] <<< [apiv2][status] GET https://firebase.googleapis.com/v1beta1/projects 200
[debug] [2025-08-22T13:15:52.816Z] <<< [apiv2][body] GET https://firebase.googleapis.com/v1beta1/projects [omitted]
[info] [Firebase Plugin] Stopping Data Connect toolkit
[warn] ⚠  Data Connect Emulator has exited upon receiving signal: SIGINT 
[debug] [2025-08-25T17:39:46.760Z] [Firebase Plugin] Activating Firebase extension.
[debug] [2025-08-25T17:39:49.455Z] [Firebase Plugin] requireAuthWrapper
[debug] [2025-08-25T17:39:49.456Z] > command requires scopes: ["email","openid","https://www.googleapis.com/auth/cloudplatformprojects.readonly","https://www.googleapis.com/auth/firebase","https://www.googleapis.com/auth/cloud-platform"]
[debug] [2025-08-25T17:39:49.456Z] > authorizing via signed-in user (amaymalviya2@gmail.com)
[debug] [2025-08-25T17:39:49.459Z] Checked if tokens are valid: true, expires at: 1756147132793
[debug] [2025-08-25T17:39:49.459Z] Checked if tokens are valid: true, expires at: 1756147132793
[debug] [2025-08-25T17:39:49.459Z] [Firebase Plugin] User found:  amaymalviya2@gmail.com
[info] [Firebase Plugin] (Core:Project) New user detected, fetching projects
[debug] [2025-08-25T17:39:49.459Z] Checked if tokens are valid: true, expires at: 1756147132793
[debug] [2025-08-25T17:39:49.460Z] >>> [apiv2][query] GET https://firebase.googleapis.com/v1beta1/projects pageSize=1000
[info] [Firebase Plugin] Starting Data Connect toolkit (version 2.11.2) on port 50001
[info] i  dataconnect: downloading dataconnect-emulator-2.11.2... {"metadata":{"emulator":{"name":"dataconnect"},"message":"downloading dataconnect-emulator-2.11.2..."}}
[debug] [2025-08-25T17:39:49.635Z] >>> [apiv2][query] GET https://storage.googleapis.com/firemat-preview-drop/emulator/dataconnect-emulator-macos-v2.11.2 
[debug] [2025-08-25T17:39:50.164Z] <<< [apiv2][status] GET https://storage.googleapis.com/firemat-preview-drop/emulator/dataconnect-emulator-macos-v2.11.2 200
[debug] [2025-08-25T17:39:50.164Z] <<< [apiv2][body] GET https://storage.googleapis.com/firemat-preview-drop/emulator/dataconnect-emulator-macos-v2.11.2 [stream]
[debug] [2025-08-25T17:39:50.225Z] <<< [apiv2][status] GET https://firebase.googleapis.com/v1beta1/projects 200
[debug] [2025-08-25T17:39:50.225Z] <<< [apiv2][body] GET https://firebase.googleapis.com/v1beta1/projects [omitted]
[info] i  dataconnect: Removing outdated emulator files: dataconnect-emulator-2.10.1 {"metadata":{"emulator":{"name":"dataconnect"},"message":"Removing outdated emulator files: dataconnect-emulator-2.10.1"}}
[debug] [2025-08-25T17:40:00.041Z] I0825 23:10:00.025961    9160 control.go:94] [/emulator/petconnect a21e] UpdateResources(): done
Schema: sources: schema/schema.gql [2088B] 
Connector "default": sources: connector/mutations.gql [1301B] connector/queries.gql [1947B] 
 {"metadata":{"emulator":{"name":"dataconnect"},"message":"I0825 23:10:00.025961    9160 control.go:94] [/emulator/petconnect a21e] UpdateResources(): done\nSchema: sources: schema/schema.gql [2088B] \nConnector \"default\": sources: connector/mutations.gql [1301B] connector/queries.gql [1947B] \n"}}
[debug] [2025-08-25T17:40:00.043Z] Ignoring unsupported arg: auto_download {"metadata":{"emulator":{"name":"dataconnect"},"message":"Ignoring unsupported arg: auto_download"}}
[debug] [2025-08-25T17:40:00.043Z] Ignoring unsupported arg: port {"metadata":{"emulator":{"name":"dataconnect"},"message":"Ignoring unsupported arg: port"}}
[debug] [2025-08-25T17:40:00.043Z] Starting Data Connect Emulator with command {"binary":"/Users/amaymalviya/.cache/firebase/emulators/dataconnect-emulator-2.11.2","args":["--logtostderr","-v=2","dev","--listen=localhost:50001","--config_dir=/Users/amaymalviya/Documents/Development/MajorPP/pet_connect/dataconnect","--enable_output_schema_extensions=true","--enable_output_generated_sdk=true"],"optionalArgs":["listen","config_dir","enable_output_schema_extensions","enable_output_generated_sdk"],"joinArgs":true,"shell":false,"port":9399} {"metadata":{"emulator":{"name":"dataconnect"},"message":"Starting Data Connect Emulator with command {\"binary\":\"/Users/amaymalviya/.cache/firebase/emulators/dataconnect-emulator-2.11.2\",\"args\":[\"--logtostderr\",\"-v=2\",\"dev\",\"--listen=localhost:50001\",\"--config_dir=/Users/amaymalviya/Documents/Development/MajorPP/pet_connect/dataconnect\",\"--enable_output_schema_extensions=true\",\"--enable_output_generated_sdk=true\"],\"optionalArgs\":[\"listen\",\"config_dir\",\"enable_output_schema_extensions\",\"enable_output_generated_sdk\"],\"joinArgs\":true,\"shell\":false,\"port\":9399}"}}
[info] i  dataconnect: Data Connect Emulator logging to dataconnect-debug.log {"metadata":{"emulator":{"name":"dataconnect"},"message":"Data Connect Emulator logging to dataconnect-debug.log"}}
[debug] [2025-08-25T17:40:00.231Z] I0825 23:10:00.230012    9173 load.go:31] Reloading schema and connectors...
 {"metadata":{"emulator":{"name":"dataconnect"},"message":"I0825 23:10:00.230012    9173 load.go:31] Reloading schema and connectors...\n"}}
[debug] [2025-08-25T17:40:00.260Z] I0825 23:10:00.260107    9173 control.go:94] [/emulator/petconnect 0fe6] UpdateResources(): done
Schema: sources: schema/schema.gql [2088B] 
Connector "default": sources: connector/mutations.gql [1301B] connector/queries.gql [1947B] 
 {"metadata":{"emulator":{"name":"dataconnect"},"message":"I0825 23:10:00.260107    9173 control.go:94] [/emulator/petconnect 0fe6] UpdateResources(): done\nSchema: sources: schema/schema.gql [2088B] \nConnector \"default\": sources: connector/mutations.gql [1301B] connector/queries.gql [1947B] \n"}}
[debug] [2025-08-25T17:40:00.278Z] I0825 23:10:00.278476    9173 collector.go:107] schema extensions wrote into "/Users/amaymalviya/Documents/Development/MajorPP/pet_connect/dataconnect/.dataconnect/schema"
Generated sources: prelude.gql [73251B] 
 {"metadata":{"emulator":{"name":"dataconnect"},"message":"I0825 23:10:00.278476    9173 collector.go:107] schema extensions wrote into \"/Users/amaymalviya/Documents/Development/MajorPP/pet_connect/dataconnect/.dataconnect/schema\"\nGenerated sources: prelude.gql [73251B] \n"}}
[debug] [2025-08-25T17:40:00.278Z] I0825 23:10:00.278649    9173 load.go:109] Finished reloading
 {"metadata":{"emulator":{"name":"dataconnect"},"message":"I0825 23:10:00.278649    9173 load.go:109] Finished reloading\n"}}
[debug] [2025-08-25T17:40:00.285Z] I0825 23:10:00.284664    9173 dev.go:102] Listening on address (HTTP + gRPC): 127.0.0.1:50001
 {"metadata":{"emulator":{"name":"dataconnect"},"message":"I0825 23:10:00.284664    9173 dev.go:102] Listening on address (HTTP + gRPC): 127.0.0.1:50001\n"}}
[debug] [2025-08-25T17:40:00.617Z] I0825 23:10:00.617432    9173 engine.go:171] [/emulator/petconnect 0fe6] ExecuteGraphqlRead IntrospectionQuery: succeeded. 
 {"metadata":{"emulator":{"name":"dataconnect"},"message":"I0825 23:10:00.617432    9173 engine.go:171] [/emulator/petconnect 0fe6] ExecuteGraphqlRead IntrospectionQuery: succeeded. \n"}}
[info] [Firebase Plugin] Stopping Data Connect toolkit
[warn] ⚠  Data Connect Emulator has exited upon receiving signal: SIGINT 
[debug] [2025-09-08T17:43:14.544Z] [Firebase Plugin] Activating Firebase extension.
[debug] [2025-09-08T17:43:19.069Z] [Firebase Plugin] requireAuthWrapper
[debug] [2025-09-08T17:43:19.071Z] > command requires scopes: ["email","openid","https://www.googleapis.com/auth/cloudplatformprojects.readonly","https://www.googleapis.com/auth/firebase","https://www.googleapis.com/auth/cloud-platform"]
[debug] [2025-09-08T17:43:19.071Z] > authorizing via signed-in user (amaymalviya2@gmail.com)
[debug] [2025-09-08T17:43:19.073Z] Checked if tokens are valid: false, expires at: 1756147132793
[debug] [2025-09-08T17:43:19.073Z] Checked if tokens are valid: false, expires at: 1756147132793
[debug] [2025-09-08T17:43:19.074Z] > refreshing access token with scopes: []
[debug] [2025-09-08T17:43:19.075Z] >>> [apiv2][query] POST https://www.googleapis.com/oauth2/v3/token [none]
[debug] [2025-09-08T17:43:19.075Z] >>> [apiv2][body] POST https://www.googleapis.com/oauth2/v3/token [omitted]
[debug] [2025-09-08T17:43:19.080Z] [Firebase Plugin] VSCode notification server listening on port 40001
[info] [Firebase Plugin] Starting Data Connect toolkit (version 2.11.2) on port 50001
[debug] [2025-09-08T17:43:20.925Z] I0908 23:13:20.911580    6920 control.go:94] [/emulator/petconnect 679d] UpdateResources(): done
Schema: sources: schema/schema.gql [2088B] 
Connector "default": sources: connector/mutations.gql [1301B] connector/queries.gql [1947B] 
 {"metadata":{"emulator":{"name":"dataconnect"},"message":"I0908 23:13:20.911580    6920 control.go:94] [/emulator/petconnect 679d] UpdateResources(): done\nSchema: sources: schema/schema.gql [2088B] \nConnector \"default\": sources: connector/mutations.gql [1301B] connector/queries.gql [1947B] \n"}}
[debug] [2025-09-08T17:43:20.926Z] Ignoring unsupported arg: auto_download {"metadata":{"emulator":{"name":"dataconnect"},"message":"Ignoring unsupported arg: auto_download"}}
[debug] [2025-09-08T17:43:20.926Z] Ignoring unsupported arg: port {"metadata":{"emulator":{"name":"dataconnect"},"message":"Ignoring unsupported arg: port"}}
[debug] [2025-09-08T17:43:20.926Z] Starting Data Connect Emulator with command {"binary":"/Users/amaymalviya/.cache/firebase/emulators/dataconnect-emulator-2.11.2","args":["--logtostderr","-v=2","dev","--listen=localhost:50001","--config_dir=/Users/amaymalviya/Documents/Development/MajorPP/pet_connect/dataconnect","--enable_output_schema_extensions=true","--enable_output_generated_sdk=true"],"optionalArgs":["listen","config_dir","enable_output_schema_extensions","enable_output_generated_sdk"],"joinArgs":true,"shell":false,"port":9399} {"metadata":{"emulator":{"name":"dataconnect"},"message":"Starting Data Connect Emulator with command {\"binary\":\"/Users/amaymalviya/.cache/firebase/emulators/dataconnect-emulator-2.11.2\",\"args\":[\"--logtostderr\",\"-v=2\",\"dev\",\"--listen=localhost:50001\",\"--config_dir=/Users/amaymalviya/Documents/Development/MajorPP/pet_connect/dataconnect\",\"--enable_output_schema_extensions=true\",\"--enable_output_generated_sdk=true\"],\"optionalArgs\":[\"listen\",\"config_dir\",\"enable_output_schema_extensions\",\"enable_output_generated_sdk\"],\"joinArgs\":true,\"shell\":false,\"port\":9399}"}}
[info] i  dataconnect: Data Connect Emulator logging to dataconnect-debug.log {"metadata":{"emulator":{"name":"dataconnect"},"message":"Data Connect Emulator logging to dataconnect-debug.log"}}
[debug] [2025-09-08T17:43:21.121Z] I0908 23:13:21.119992    6927 load.go:31] Reloading schema and connectors...
 {"metadata":{"emulator":{"name":"dataconnect"},"message":"I0908 23:13:21.119992    6927 load.go:31] Reloading schema and connectors...\n"}}
[debug] [2025-09-08T17:43:21.149Z] I0908 23:13:21.149047    6927 control.go:94] [/emulator/petconnect 4c24] UpdateResources(): done
Schema: sources: schema/schema.gql [2088B] 
Connector "default": sources: connector/mutations.gql [1301B] connector/queries.gql [1947B] 
 {"metadata":{"emulator":{"name":"dataconnect"},"message":"I0908 23:13:21.149047    6927 control.go:94] [/emulator/petconnect 4c24] UpdateResources(): done\nSchema: sources: schema/schema.gql [2088B] \nConnector \"default\": sources: connector/mutations.gql [1301B] connector/queries.gql [1947B] \n"}}
[debug] [2025-09-08T17:43:21.169Z] I0908 23:13:21.169686    6927 collector.go:107] schema extensions wrote into "/Users/amaymalviya/Documents/Development/MajorPP/pet_connect/dataconnect/.dataconnect/schema"
Generated sources: prelude.gql [73251B] 
 {"metadata":{"emulator":{"name":"dataconnect"},"message":"I0908 23:13:21.169686    6927 collector.go:107] schema extensions wrote into \"/Users/amaymalviya/Documents/Development/MajorPP/pet_connect/dataconnect/.dataconnect/schema\"\nGenerated sources: prelude.gql [73251B] \n"}}
[debug] [2025-09-08T17:43:21.170Z] I0908 23:13:21.169846    6927 load.go:109] Finished reloading
 {"metadata":{"emulator":{"name":"dataconnect"},"message":"I0908 23:13:21.169846    6927 load.go:109] Finished reloading\n"}}
[debug] [2025-09-08T17:43:21.177Z] I0908 23:13:21.177399    6927 dev.go:102] Listening on address (HTTP + gRPC): 127.0.0.1:50001
 {"metadata":{"emulator":{"name":"dataconnect"},"message":"I0908 23:13:21.177399    6927 dev.go:102] Listening on address (HTTP + gRPC): 127.0.0.1:50001\n"}}
[debug] [2025-09-08T17:43:21.476Z] I0908 23:13:21.476830    6927 engine.go:171] [/emulator/petconnect 4c24] ExecuteGraphqlRead IntrospectionQuery: succeeded. 
 {"metadata":{"emulator":{"name":"dataconnect"},"message":"I0908 23:13:21.476830    6927 engine.go:171] [/emulator/petconnect 4c24] ExecuteGraphqlRead IntrospectionQuery: succeeded. \n"}}
[debug] [2025-09-08T17:43:21.589Z] <<< [apiv2][status] POST https://www.googleapis.com/oauth2/v3/token 200
[debug] [2025-09-08T17:43:21.589Z] <<< [apiv2][body] POST https://www.googleapis.com/oauth2/v3/token [omitted]
[debug] [2025-09-08T17:43:21.602Z] [Firebase Plugin] User found:  amaymalviya2@gmail.com
[info] [Firebase Plugin] (Core:Project) New user detected, fetching projects
[debug] [2025-09-08T17:43:21.602Z] Checked if tokens are valid: true, expires at: 1757357000589
[debug] [2025-09-08T17:43:21.603Z] >>> [apiv2][query] GET https://firebase.googleapis.com/v1beta1/projects pageSize=1000
[debug] [2025-09-08T17:43:22.624Z] <<< [apiv2][status] GET https://firebase.googleapis.com/v1beta1/projects 200
[debug] [2025-09-08T17:43:22.624Z] <<< [apiv2][body] GET https://firebase.googleapis.com/v1beta1/projects [omitted]
[info] [Firebase Plugin] Stopping Data Connect toolkit
[warn] ⚠  Data Connect Emulator has exited upon receiving signal: SIGINT 
[debug] [2025-09-09T05:57:03.502Z] [Firebase Plugin] Activating Firebase extension.
[info] [Firebase Plugin] Checked firebase-tools, is up to date!
[debug] [2025-09-09T05:57:09.559Z] [Firebase Plugin] requireAuthWrapper
[debug] [2025-09-09T05:57:09.560Z] > command requires scopes: ["email","openid","https://www.googleapis.com/auth/cloudplatformprojects.readonly","https://www.googleapis.com/auth/firebase","https://www.googleapis.com/auth/cloud-platform"]
[debug] [2025-09-09T05:57:09.560Z] > authorizing via signed-in user (amaymalviya2@gmail.com)
[debug] [2025-09-09T05:57:09.562Z] Checked if tokens are valid: false, expires at: 1757357000589
[debug] [2025-09-09T05:57:09.562Z] Checked if tokens are valid: false, expires at: 1757357000589
[debug] [2025-09-09T05:57:09.562Z] > refreshing access token with scopes: []
[debug] [2025-09-09T05:57:09.563Z] >>> [apiv2][query] POST https://www.googleapis.com/oauth2/v3/token [none]
[debug] [2025-09-09T05:57:09.563Z] >>> [apiv2][body] POST https://www.googleapis.com/oauth2/v3/token [omitted]
[debug] [2025-09-09T05:57:09.567Z] [Firebase Plugin] VSCode notification server listening on port 40001
[info] [Firebase Plugin] Starting Data Connect toolkit (version 2.12.0) on port 50001
[info] i  dataconnect: downloading dataconnect-emulator-2.12.0... {"metadata":{"emulator":{"name":"dataconnect"},"message":"downloading dataconnect-emulator-2.12.0..."}}
[debug] [2025-09-09T05:57:09.721Z] >>> [apiv2][query] GET https://storage.googleapis.com/firemat-preview-drop/emulator/dataconnect-emulator-macos-v2.12.0 
[debug] [2025-09-09T05:57:10.421Z] <<< [apiv2][status] POST https://www.googleapis.com/oauth2/v3/token 200
[debug] [2025-09-09T05:57:10.421Z] <<< [apiv2][body] POST https://www.googleapis.com/oauth2/v3/token [omitted]
[debug] [2025-09-09T05:57:10.433Z] [Firebase Plugin] User found:  amaymalviya2@gmail.com
[info] [Firebase Plugin] (Core:Project) New user detected, fetching projects
[debug] [2025-09-09T05:57:10.433Z] Checked if tokens are valid: true, expires at: 1757401029421
[debug] [2025-09-09T05:57:10.434Z] >>> [apiv2][query] GET https://firebase.googleapis.com/v1beta1/projects pageSize=1000
[debug] [2025-09-09T05:57:11.213Z] <<< [apiv2][status] GET https://firebase.googleapis.com/v1beta1/projects 200
[debug] [2025-09-09T05:57:11.213Z] <<< [apiv2][body] GET https://firebase.googleapis.com/v1beta1/projects [omitted]
[debug] [2025-09-09T05:57:12.333Z] <<< [apiv2][status] GET https://storage.googleapis.com/firemat-preview-drop/emulator/dataconnect-emulator-macos-v2.12.0 200
[debug] [2025-09-09T05:57:12.333Z] <<< [apiv2][body] GET https://storage.googleapis.com/firemat-preview-drop/emulator/dataconnect-emulator-macos-v2.12.0 [stream]
[info] i  dataconnect: Removing outdated emulator files: dataconnect-emulator-2.11.2 {"metadata":{"emulator":{"name":"dataconnect"},"message":"Removing outdated emulator files: dataconnect-emulator-2.11.2"}}
[debug] [2025-09-09T05:57:29.788Z] I0909 11:27:29.775415   13890 control.go:94] [/emulator/petconnect 33dd] UpdateResources(): done
Schema: sources: schema/schema.gql [2088B] 
Connector "default": sources: connector/mutations.gql [1301B] connector/queries.gql [1947B] 
 {"metadata":{"emulator":{"name":"dataconnect"},"message":"I0909 11:27:29.775415   13890 control.go:94] [/emulator/petconnect 33dd] UpdateResources(): done\nSchema: sources: schema/schema.gql [2088B] \nConnector \"default\": sources: connector/mutations.gql [1301B] connector/queries.gql [1947B] \n"}}
[debug] [2025-09-09T05:57:29.789Z] Ignoring unsupported arg: auto_download {"metadata":{"emulator":{"name":"dataconnect"},"message":"Ignoring unsupported arg: auto_download"}}
[debug] [2025-09-09T05:57:29.789Z] Ignoring unsupported arg: port {"metadata":{"emulator":{"name":"dataconnect"},"message":"Ignoring unsupported arg: port"}}
[debug] [2025-09-09T05:57:29.789Z] Starting Data Connect Emulator with command {"binary":"/Users/amaymalviya/.cache/firebase/emulators/dataconnect-emulator-2.12.0","args":["--logtostderr","-v=2","dev","--listen=localhost:50001","--config_dir=/Users/amaymalviya/Documents/Development/MajorPP/pet_connect/dataconnect","--enable_output_schema_extensions=true","--enable_output_generated_sdk=true"],"optionalArgs":["listen","config_dir","enable_output_schema_extensions","enable_output_generated_sdk"],"joinArgs":true,"shell":false,"port":9399} {"metadata":{"emulator":{"name":"dataconnect"},"message":"Starting Data Connect Emulator with command {\"binary\":\"/Users/amaymalviya/.cache/firebase/emulators/dataconnect-emulator-2.12.0\",\"args\":[\"--logtostderr\",\"-v=2\",\"dev\",\"--listen=localhost:50001\",\"--config_dir=/Users/amaymalviya/Documents/Development/MajorPP/pet_connect/dataconnect\",\"--enable_output_schema_extensions=true\",\"--enable_output_generated_sdk=true\"],\"optionalArgs\":[\"listen\",\"config_dir\",\"enable_output_schema_extensions\",\"enable_output_generated_sdk\"],\"joinArgs\":true,\"shell\":false,\"port\":9399}"}}
[info] i  dataconnect: Data Connect Emulator logging to dataconnect-debug.log {"metadata":{"emulator":{"name":"dataconnect"},"message":"Data Connect Emulator logging to dataconnect-debug.log"}}
[debug] [2025-09-09T05:57:29.981Z] I0909 11:27:29.980438   13895 load.go:31] Reloading schema and connectors...
 {"metadata":{"emulator":{"name":"dataconnect"},"message":"I0909 11:27:29.980438   13895 load.go:31] Reloading schema and connectors...\n"}}
[debug] [2025-09-09T05:57:30.006Z] I0909 11:27:30.006514   13895 control.go:94] [/emulator/petconnect bc47] UpdateResources(): done
Schema: sources: schema/schema.gql [2088B] 
Connector "default": sources: connector/mutations.gql [1301B] connector/queries.gql [1947B] 
 {"metadata":{"emulator":{"name":"dataconnect"},"message":"I0909 11:27:30.006514   13895 control.go:94] [/emulator/petconnect bc47] UpdateResources(): done\nSchema: sources: schema/schema.gql [2088B] \nConnector \"default\": sources: connector/mutations.gql [1301B] connector/queries.gql [1947B] \n"}}
[debug] [2025-09-09T05:57:30.025Z] I0909 11:27:30.025319   13895 collector.go:107] schema extensions wrote into "/Users/amaymalviya/Documents/Development/MajorPP/pet_connect/dataconnect/.dataconnect/schema"
Generated sources: prelude.gql [73251B] 
 {"metadata":{"emulator":{"name":"dataconnect"},"message":"I0909 11:27:30.025319   13895 collector.go:107] schema extensions wrote into \"/Users/amaymalviya/Documents/Development/MajorPP/pet_connect/dataconnect/.dataconnect/schema\"\nGenerated sources: prelude.gql [73251B] \n"}}
[debug] [2025-09-09T05:57:30.025Z] I0909 11:27:30.025409   13895 load.go:109] Finished reloading
 {"metadata":{"emulator":{"name":"dataconnect"},"message":"I0909 11:27:30.025409   13895 load.go:109] Finished reloading\n"}}
[debug] [2025-09-09T05:57:30.031Z] I0909 11:27:30.031476   13895 dev.go:102] Listening on address (HTTP + gRPC): 127.0.0.1:50001
 {"metadata":{"emulator":{"name":"dataconnect"},"message":"I0909 11:27:30.031476   13895 dev.go:102] Listening on address (HTTP + gRPC): 127.0.0.1:50001\n"}}
[debug] [2025-09-09T05:57:30.402Z] I0909 11:27:30.401975   13895 engine.go:171] [/emulator/petconnect bc47] ExecuteGraphqlRead IntrospectionQuery: succeeded. 
 {"metadata":{"emulator":{"name":"dataconnect"},"message":"I0909 11:27:30.401975   13895 engine.go:171] [/emulator/petconnect bc47] ExecuteGraphqlRead IntrospectionQuery: succeeded. \n"}}
[info] [Firebase Plugin] Stopping Data Connect toolkit
[warn] ⚠  Data Connect Emulator has exited upon receiving signal: SIGINT 
[debug] [2025-09-09T06:21:40.051Z] [Firebase Plugin] Activating Firebase extension.
[info] [Firebase Plugin] Checked firebase-tools, is up to date!
[debug] [2025-09-09T06:21:45.707Z] [Firebase Plugin] requireAuthWrapper
[debug] [2025-09-09T06:21:45.707Z] > command requires scopes: ["email","openid","https://www.googleapis.com/auth/cloudplatformprojects.readonly","https://www.googleapis.com/auth/firebase","https://www.googleapis.com/auth/cloud-platform"]
[debug] [2025-09-09T06:21:45.707Z] > authorizing via signed-in user (amaymalviya2@gmail.com)
[debug] [2025-09-09T06:21:45.709Z] Checked if tokens are valid: true, expires at: 1757401029421
[debug] [2025-09-09T06:21:45.709Z] Checked if tokens are valid: true, expires at: 1757401029421
[debug] [2025-09-09T06:21:45.709Z] [Firebase Plugin] User found:  amaymalviya2@gmail.com
[info] [Firebase Plugin] (Core:Project) New user detected, fetching projects
[debug] [2025-09-09T06:21:45.710Z] Checked if tokens are valid: true, expires at: 1757401029421
[debug] [2025-09-09T06:21:45.710Z] >>> [apiv2][query] GET https://firebase.googleapis.com/v1beta1/projects pageSize=1000
[debug] [2025-09-09T06:21:45.714Z] [Firebase Plugin] VSCode notification server listening on port 40001
[info] [Firebase Plugin] Starting Data Connect toolkit (version 2.12.0) on port 50001
[debug] [2025-09-09T06:21:47.028Z] I0909 11:51:47.014211   19634 control.go:94] [/emulator/petconnect 37ab] UpdateResources(): done
Schema: sources: schema/schema.gql [2088B] 
Connector "default": sources: connector/mutations.gql [1301B] connector/queries.gql [1947B] 
 {"metadata":{"emulator":{"name":"dataconnect"},"message":"I0909 11:51:47.014211   19634 control.go:94] [/emulator/petconnect 37ab] UpdateResources(): done\nSchema: sources: schema/schema.gql [2088B] \nConnector \"default\": sources: connector/mutations.gql [1301B] connector/queries.gql [1947B] \n"}}
[debug] [2025-09-09T06:21:47.028Z] Ignoring unsupported arg: auto_download {"metadata":{"emulator":{"name":"dataconnect"},"message":"Ignoring unsupported arg: auto_download"}}
[debug] [2025-09-09T06:21:47.028Z] Ignoring unsupported arg: port {"metadata":{"emulator":{"name":"dataconnect"},"message":"Ignoring unsupported arg: port"}}
[debug] [2025-09-09T06:21:47.028Z] Starting Data Connect Emulator with command {"binary":"/Users/amaymalviya/.cache/firebase/emulators/dataconnect-emulator-2.12.0","args":["--logtostderr","-v=2","dev","--listen=localhost:50001","--config_dir=/Users/amaymalviya/Documents/Development/MajorPP/pet_connect/dataconnect","--enable_output_schema_extensions=true","--enable_output_generated_sdk=true"],"optionalArgs":["listen","config_dir","enable_output_schema_extensions","enable_output_generated_sdk"],"joinArgs":true,"shell":false,"port":9399} {"metadata":{"emulator":{"name":"dataconnect"},"message":"Starting Data Connect Emulator with command {\"binary\":\"/Users/amaymalviya/.cache/firebase/emulators/dataconnect-emulator-2.12.0\",\"args\":[\"--logtostderr\",\"-v=2\",\"dev\",\"--listen=localhost:50001\",\"--config_dir=/Users/amaymalviya/Documents/Development/MajorPP/pet_connect/dataconnect\",\"--enable_output_schema_extensions=true\",\"--enable_output_generated_sdk=true\"],\"optionalArgs\":[\"listen\",\"config_dir\",\"enable_output_schema_extensions\",\"enable_output_generated_sdk\"],\"joinArgs\":true,\"shell\":false,\"port\":9399}"}}
[info] i  dataconnect: Data Connect Emulator logging to dataconnect-debug.log {"metadata":{"emulator":{"name":"dataconnect"},"message":"Data Connect Emulator logging to dataconnect-debug.log"}}
[debug] [2025-09-09T06:21:47.218Z] I0909 11:51:47.215952   19636 load.go:31] Reloading schema and connectors...
 {"metadata":{"emulator":{"name":"dataconnect"},"message":"I0909 11:51:47.215952   19636 load.go:31] Reloading schema and connectors...\n"}}
[debug] [2025-09-09T06:21:47.247Z] I0909 11:51:47.247436   19636 control.go:94] [/emulator/petconnect 7deb] UpdateResources(): done
Schema: sources: schema/schema.gql [2088B] 
Connector "default": sources: connector/mutations.gql [1301B] connector/queries.gql [1947B] 
 {"metadata":{"emulator":{"name":"dataconnect"},"message":"I0909 11:51:47.247436   19636 control.go:94] [/emulator/petconnect 7deb] UpdateResources(): done\nSchema: sources: schema/schema.gql [2088B] \nConnector \"default\": sources: connector/mutations.gql [1301B] connector/queries.gql [1947B] \n"}}
[debug] [2025-09-09T06:21:47.269Z] I0909 11:51:47.269248   19636 collector.go:107] schema extensions wrote into "/Users/amaymalviya/Documents/Development/MajorPP/pet_connect/dataconnect/.dataconnect/schema"
Generated sources: prelude.gql [73251B] 
 {"metadata":{"emulator":{"name":"dataconnect"},"message":"I0909 11:51:47.269248   19636 collector.go:107] schema extensions wrote into \"/Users/amaymalviya/Documents/Development/MajorPP/pet_connect/dataconnect/.dataconnect/schema\"\nGenerated sources: prelude.gql [73251B] \n"}}
[debug] [2025-09-09T06:21:47.269Z] I0909 11:51:47.269537   19636 load.go:109] Finished reloading
 {"metadata":{"emulator":{"name":"dataconnect"},"message":"I0909 11:51:47.269537   19636 load.go:109] Finished reloading\n"}}
[debug] [2025-09-09T06:21:47.279Z] I0909 11:51:47.278222   19636 dev.go:102] Listening on address (HTTP + gRPC): 127.0.0.1:50001
 {"metadata":{"emulator":{"name":"dataconnect"},"message":"I0909 11:51:47.278222   19636 dev.go:102] Listening on address (HTTP + gRPC): 127.0.0.1:50001\n"}}
[debug] [2025-09-09T06:21:47.693Z] I0909 11:51:47.693396   19636 engine.go:171] [/emulator/petconnect 7deb] ExecuteGraphqlRead IntrospectionQuery: succeeded. 
 {"metadata":{"emulator":{"name":"dataconnect"},"message":"I0909 11:51:47.693396   19636 engine.go:171] [/emulator/petconnect 7deb] ExecuteGraphqlRead IntrospectionQuery: succeeded. \n"}}
[debug] [2025-09-09T06:21:48.607Z] <<< [apiv2][status] GET https://firebase.googleapis.com/v1beta1/projects 200
[debug] [2025-09-09T06:21:48.608Z] <<< [apiv2][body] GET https://firebase.googleapis.com/v1beta1/projects [omitted]
[info] [Firebase Plugin] Stopping Data Connect toolkit
[warn] ⚠  Data Connect Emulator has exited upon receiving signal: SIGINT 
[debug] [2025-09-15T15:00:38.231Z] [Firebase Plugin] Activating Firebase extension.
[debug] [2025-09-15T15:00:42.192Z] [Firebase Plugin] requireAuthWrapper
[debug] [2025-09-15T15:00:42.193Z] > command requires scopes: ["email","openid","https://www.googleapis.com/auth/cloudplatformprojects.readonly","https://www.googleapis.com/auth/firebase","https://www.googleapis.com/auth/cloud-platform"]
[debug] [2025-09-15T15:00:42.193Z] > authorizing via signed-in user (amaymalviya2@gmail.com)
[debug] [2025-09-15T15:00:42.197Z] Checked if tokens are valid: false, expires at: 1757401029421
[debug] [2025-09-15T15:00:42.197Z] Checked if tokens are valid: false, expires at: 1757401029421
[debug] [2025-09-15T15:00:42.197Z] > refreshing access token with scopes: []
[debug] [2025-09-15T15:00:42.198Z] >>> [apiv2][query] POST https://www.googleapis.com/oauth2/v3/token [none]
[debug] [2025-09-15T15:00:42.198Z] >>> [apiv2][body] POST https://www.googleapis.com/oauth2/v3/token [omitted]
[debug] [2025-09-15T15:00:42.204Z] [Firebase Plugin] VSCode notification server listening on port 40001
[info] [Firebase Plugin] Starting Data Connect toolkit (version 2.12.0) on port 50001
[debug] [2025-09-15T15:00:43.733Z] I0915 20:30:43.719261   74277 control.go:94] [/emulator/petconnect 9760] UpdateResources(): done
Schema: sources: schema/schema.gql [2088B] 
Connector "default": sources: connector/mutations.gql [1301B] connector/queries.gql [1947B] 
 {"metadata":{"emulator":{"name":"dataconnect"},"message":"I0915 20:30:43.719261   74277 control.go:94] [/emulator/petconnect 9760] UpdateResources(): done\nSchema: sources: schema/schema.gql [2088B] \nConnector \"default\": sources: connector/mutations.gql [1301B] connector/queries.gql [1947B] \n"}}
[debug] [2025-09-15T15:00:43.734Z] Ignoring unsupported arg: auto_download {"metadata":{"emulator":{"name":"dataconnect"},"message":"Ignoring unsupported arg: auto_download"}}
[debug] [2025-09-15T15:00:43.734Z] Ignoring unsupported arg: port {"metadata":{"emulator":{"name":"dataconnect"},"message":"Ignoring unsupported arg: port"}}
[debug] [2025-09-15T15:00:43.734Z] Starting Data Connect Emulator with command {"binary":"/Users/amaymalviya/.cache/firebase/emulators/dataconnect-emulator-2.12.0","args":["--logtostderr","-v=2","dev","--listen=localhost:50001","--config_dir=/Users/amaymalviya/Documents/Development/MajorPP/pet_connect/dataconnect","--enable_output_schema_extensions=true","--enable_output_generated_sdk=true"],"optionalArgs":["listen","config_dir","enable_output_schema_extensions","enable_output_generated_sdk"],"joinArgs":true,"shell":false,"port":9399} {"metadata":{"emulator":{"name":"dataconnect"},"message":"Starting Data Connect Emulator with command {\"binary\":\"/Users/amaymalviya/.cache/firebase/emulators/dataconnect-emulator-2.12.0\",\"args\":[\"--logtostderr\",\"-v=2\",\"dev\",\"--listen=localhost:50001\",\"--config_dir=/Users/amaymalviya/Documents/Development/MajorPP/pet_connect/dataconnect\",\"--enable_output_schema_extensions=true\",\"--enable_output_generated_sdk=true\"],\"optionalArgs\":[\"listen\",\"config_dir\",\"enable_output_schema_extensions\",\"enable_output_generated_sdk\"],\"joinArgs\":true,\"shell\":false,\"port\":9399}"}}
[info] i  dataconnect: Data Connect Emulator logging to dataconnect-debug.log {"metadata":{"emulator":{"name":"dataconnect"},"message":"Data Connect Emulator logging to dataconnect-debug.log"}}
[debug] [2025-09-15T15:00:43.810Z] <<< [apiv2][status] POST https://www.googleapis.com/oauth2/v3/token 200
[debug] [2025-09-15T15:00:43.811Z] <<< [apiv2][body] POST https://www.googleapis.com/oauth2/v3/token [omitted]
[debug] [2025-09-15T15:00:43.826Z] [Firebase Plugin] User found:  amaymalviya2@gmail.com
[info] [Firebase Plugin] (Core:Project) New user detected, fetching projects
[debug] [2025-09-15T15:00:43.827Z] Checked if tokens are valid: true, expires at: 1757952042811
[debug] [2025-09-15T15:00:43.830Z] >>> [apiv2][query] GET https://firebase.googleapis.com/v1beta1/projects pageSize=1000
[debug] [2025-09-15T15:00:44.134Z] I0915 20:30:44.131667   74282 load.go:31] Reloading schema and connectors...
 {"metadata":{"emulator":{"name":"dataconnect"},"message":"I0915 20:30:44.131667   74282 load.go:31] Reloading schema and connectors...\n"}}
[debug] [2025-09-15T15:00:44.183Z] I0915 20:30:44.182918   74282 control.go:94] [/emulator/petconnect 8fbd] UpdateResources(): done
Schema: sources: schema/schema.gql [2088B] 
Connector "default": sources: connector/mutations.gql [1301B] connector/queries.gql [1947B] 
 {"metadata":{"emulator":{"name":"dataconnect"},"message":"I0915 20:30:44.182918   74282 control.go:94] [/emulator/petconnect 8fbd] UpdateResources(): done\nSchema: sources: schema/schema.gql [2088B] \nConnector \"default\": sources: connector/mutations.gql [1301B] connector/queries.gql [1947B] \n"}}
[debug] [2025-09-15T15:00:44.216Z] I0915 20:30:44.216130   74282 collector.go:107] schema extensions wrote into "/Users/amaymalviya/Documents/Development/MajorPP/pet_connect/dataconnect/.dataconnect/schema"
Generated sources: prelude.gql [73251B] 
I0915 20:30:44.216813   74282 load.go:109] Finished reloading
 {"metadata":{"emulator":{"name":"dataconnect"},"message":"I0915 20:30:44.216130   74282 collector.go:107] schema extensions wrote into \"/Users/amaymalviya/Documents/Development/MajorPP/pet_connect/dataconnect/.dataconnect/schema\"\nGenerated sources: prelude.gql [73251B] \nI0915 20:30:44.216813   74282 load.go:109] Finished reloading\n"}}
[debug] [2025-09-15T15:00:44.228Z] I0915 20:30:44.227395   74282 dev.go:102] Listening on address (HTTP + gRPC): 127.0.0.1:50001
 {"metadata":{"emulator":{"name":"dataconnect"},"message":"I0915 20:30:44.227395   74282 dev.go:102] Listening on address (HTTP + gRPC): 127.0.0.1:50001\n"}}
[debug] [2025-09-15T15:00:44.513Z] I0915 20:30:44.513395   74282 engine.go:171] [/emulator/petconnect 8fbd] ExecuteGraphqlRead IntrospectionQuery: succeeded. 
 {"metadata":{"emulator":{"name":"dataconnect"},"message":"I0915 20:30:44.513395   74282 engine.go:171] [/emulator/petconnect 8fbd] ExecuteGraphqlRead IntrospectionQuery: succeeded. \n"}}
[debug] [2025-09-15T15:00:45.380Z] <<< [apiv2][status] GET https://firebase.googleapis.com/v1beta1/projects 200
[debug] [2025-09-15T15:00:45.380Z] <<< [apiv2][body] GET https://firebase.googleapis.com/v1beta1/projects [omitted]
[info] [Firebase Plugin] Stopping Data Connect toolkit
[warn] ⚠  Data Connect Emulator has exited upon receiving signal: SIGINT 
[debug] [2025-09-16T04:25:38.759Z] [Firebase Plugin] Activating Firebase extension.
[info] [Firebase Plugin] Checked firebase-tools, is up to date!
[debug] [2025-09-16T04:25:40.869Z] [Firebase Plugin] requireAuthWrapper
[debug] [2025-09-16T04:25:40.869Z] > command requires scopes: ["email","openid","https://www.googleapis.com/auth/cloudplatformprojects.readonly","https://www.googleapis.com/auth/firebase","https://www.googleapis.com/auth/cloud-platform"]
[debug] [2025-09-16T04:25:40.870Z] > authorizing via signed-in user (amaymalviya2@gmail.com)
[debug] [2025-09-16T04:25:40.872Z] Checked if tokens are valid: false, expires at: 1757952042811
[debug] [2025-09-16T04:25:40.872Z] Checked if tokens are valid: false, expires at: 1757952042811
[debug] [2025-09-16T04:25:40.872Z] > refreshing access token with scopes: []
[debug] [2025-09-16T04:25:40.873Z] >>> [apiv2][query] POST https://www.googleapis.com/oauth2/v3/token [none]
[debug] [2025-09-16T04:25:40.873Z] >>> [apiv2][body] POST https://www.googleapis.com/oauth2/v3/token [omitted]
[debug] [2025-09-16T04:25:40.878Z] [Firebase Plugin] VSCode notification server listening on port 40001
[info] [Firebase Plugin] Starting Data Connect toolkit (version 2.12.0) on port 50001
[debug] [2025-09-16T04:25:42.596Z] I0916 09:55:42.580907   59670 control.go:94] [/emulator/petconnect defd] UpdateResources(): done
Schema: sources: schema/schema.gql [2088B] 
Connector "default": sources: connector/mutations.gql [1301B] connector/queries.gql [1947B] 
 {"metadata":{"emulator":{"name":"dataconnect"},"message":"I0916 09:55:42.580907   59670 control.go:94] [/emulator/petconnect defd] UpdateResources(): done\nSchema: sources: schema/schema.gql [2088B] \nConnector \"default\": sources: connector/mutations.gql [1301B] connector/queries.gql [1947B] \n"}}
[debug] [2025-09-16T04:25:42.597Z] Ignoring unsupported arg: auto_download {"metadata":{"emulator":{"name":"dataconnect"},"message":"Ignoring unsupported arg: auto_download"}}
[debug] [2025-09-16T04:25:42.597Z] Ignoring unsupported arg: port {"metadata":{"emulator":{"name":"dataconnect"},"message":"Ignoring unsupported arg: port"}}
[debug] [2025-09-16T04:25:42.597Z] Starting Data Connect Emulator with command {"binary":"/Users/amaymalviya/.cache/firebase/emulators/dataconnect-emulator-2.12.0","args":["--logtostderr","-v=2","dev","--listen=localhost:50001","--config_dir=/Users/amaymalviya/Documents/Development/MajorPP/pet_connect/dataconnect","--enable_output_schema_extensions=true","--enable_output_generated_sdk=true"],"optionalArgs":["listen","config_dir","enable_output_schema_extensions","enable_output_generated_sdk"],"joinArgs":true,"shell":false,"port":9399} {"metadata":{"emulator":{"name":"dataconnect"},"message":"Starting Data Connect Emulator with command {\"binary\":\"/Users/amaymalviya/.cache/firebase/emulators/dataconnect-emulator-2.12.0\",\"args\":[\"--logtostderr\",\"-v=2\",\"dev\",\"--listen=localhost:50001\",\"--config_dir=/Users/amaymalviya/Documents/Development/MajorPP/pet_connect/dataconnect\",\"--enable_output_schema_extensions=true\",\"--enable_output_generated_sdk=true\"],\"optionalArgs\":[\"listen\",\"config_dir\",\"enable_output_schema_extensions\",\"enable_output_generated_sdk\"],\"joinArgs\":true,\"shell\":false,\"port\":9399}"}}
[info] i  dataconnect: Data Connect Emulator logging to dataconnect-debug.log {"metadata":{"emulator":{"name":"dataconnect"},"message":"Data Connect Emulator logging to dataconnect-debug.log"}}
[debug] [2025-09-16T04:25:42.833Z] <<< [apiv2][status] POST https://www.googleapis.com/oauth2/v3/token 200
[debug] [2025-09-16T04:25:42.834Z] <<< [apiv2][body] POST https://www.googleapis.com/oauth2/v3/token [omitted]
[debug] [2025-09-16T04:25:42.847Z] [Firebase Plugin] User found:  amaymalviya2@gmail.com
[info] [Firebase Plugin] (Core:Project) New user detected, fetching projects
[debug] [2025-09-16T04:25:42.848Z] Checked if tokens are valid: true, expires at: 1758000341834
[debug] [2025-09-16T04:25:42.850Z] >>> [apiv2][query] GET https://firebase.googleapis.com/v1beta1/projects pageSize=1000
[debug] [2025-09-16T04:25:43.069Z] I0916 09:55:43.065521   59672 load.go:31] Reloading schema and connectors...
 {"metadata":{"emulator":{"name":"dataconnect"},"message":"I0916 09:55:43.065521   59672 load.go:31] Reloading schema and connectors...\n"}}
[debug] [2025-09-16T04:25:43.134Z] I0916 09:55:43.134560   59672 control.go:94] [/emulator/petconnect fb62] UpdateResources(): done
Schema: sources: schema/schema.gql [2088B] 
Connector "default": sources: connector/mutations.gql [1301B] connector/queries.gql [1947B] 
 {"metadata":{"emulator":{"name":"dataconnect"},"message":"I0916 09:55:43.134560   59672 control.go:94] [/emulator/petconnect fb62] UpdateResources(): done\nSchema: sources: schema/schema.gql [2088B] \nConnector \"default\": sources: connector/mutations.gql [1301B] connector/queries.gql [1947B] \n"}}
[debug] [2025-09-16T04:25:43.170Z] I0916 09:55:43.170473   59672 collector.go:107] schema extensions wrote into "/Users/amaymalviya/Documents/Development/MajorPP/pet_connect/dataconnect/.dataconnect/schema"
Generated sources: prelude.gql [73251B] 
 {"metadata":{"emulator":{"name":"dataconnect"},"message":"I0916 09:55:43.170473   59672 collector.go:107] schema extensions wrote into \"/Users/amaymalviya/Documents/Development/MajorPP/pet_connect/dataconnect/.dataconnect/schema\"\nGenerated sources: prelude.gql [73251B] \n"}}
[debug] [2025-09-16T04:25:43.171Z] I0916 09:55:43.170928   59672 load.go:109] Finished reloading
 {"metadata":{"emulator":{"name":"dataconnect"},"message":"I0916 09:55:43.170928   59672 load.go:109] Finished reloading\n"}}
[debug] [2025-09-16T04:25:43.182Z] I0916 09:55:43.181643   59672 dev.go:102] Listening on address (HTTP + gRPC): 127.0.0.1:50001
 {"metadata":{"emulator":{"name":"dataconnect"},"message":"I0916 09:55:43.181643   59672 dev.go:102] Listening on address (HTTP + gRPC): 127.0.0.1:50001\n"}}
[debug] [2025-09-16T04:25:43.456Z] I0916 09:55:43.456192   59672 engine.go:171] [/emulator/petconnect fb62] ExecuteGraphqlRead IntrospectionQuery: succeeded. 
 {"metadata":{"emulator":{"name":"dataconnect"},"message":"I0916 09:55:43.456192   59672 engine.go:171] [/emulator/petconnect fb62] ExecuteGraphqlRead IntrospectionQuery: succeeded. \n"}}
[debug] [2025-09-16T04:25:43.495Z] <<< [apiv2][status] GET https://firebase.googleapis.com/v1beta1/projects 200
[debug] [2025-09-16T04:25:43.495Z] <<< [apiv2][body] GET https://firebase.googleapis.com/v1beta1/projects [omitted]
[info] [Firebase Plugin] Stopping Data Connect toolkit
[warn] ⚠  Data Connect Emulator has exited upon receiving signal: SIGINT 
[debug] [2025-09-16T05:46:22.717Z] [Firebase Plugin] Activating Firebase extension.
[info] [Firebase Plugin] Checked firebase-tools, is up to date!
[debug] [2025-09-16T05:46:27.346Z] [Firebase Plugin] requireAuthWrapper
[debug] [2025-09-16T05:46:27.351Z] > command requires scopes: ["email","openid","https://www.googleapis.com/auth/cloudplatformprojects.readonly","https://www.googleapis.com/auth/firebase","https://www.googleapis.com/auth/cloud-platform"]
[debug] [2025-09-16T05:46:27.357Z] > authorizing via signed-in user (amaymalviya2@gmail.com)
[debug] [2025-09-16T05:46:27.372Z] Checked if tokens are valid: false, expires at: 1758000341834
[debug] [2025-09-16T05:46:27.372Z] Checked if tokens are valid: false, expires at: 1758000341834
[debug] [2025-09-16T05:46:27.373Z] > refreshing access token with scopes: []
[debug] [2025-09-16T05:46:27.375Z] >>> [apiv2][query] POST https://www.googleapis.com/oauth2/v3/token [none]
[debug] [2025-09-16T05:46:27.375Z] >>> [apiv2][body] POST https://www.googleapis.com/oauth2/v3/token [omitted]
[debug] [2025-09-16T05:46:27.393Z] [Firebase Plugin] VSCode notification server listening on port 40001
[info] [Firebase Plugin] Starting Data Connect toolkit (version 2.12.0) on port 50001
[debug] [2025-09-16T05:46:30.830Z] I0916 11:16:29.573297    3276 control.go:94] [/emulator/petconnect b726] UpdateResources(): done
Schema: sources: schema/schema.gql [2088B] 
Connector "default": sources: connector/mutations.gql [1301B] connector/queries.gql [1947B] 
 {"metadata":{"emulator":{"name":"dataconnect"},"message":"I0916 11:16:29.573297    3276 control.go:94] [/emulator/petconnect b726] UpdateResources(): done\nSchema: sources: schema/schema.gql [2088B] \nConnector \"default\": sources: connector/mutations.gql [1301B] connector/queries.gql [1947B] \n"}}
[debug] [2025-09-16T05:46:30.832Z] Ignoring unsupported arg: auto_download {"metadata":{"emulator":{"name":"dataconnect"},"message":"Ignoring unsupported arg: auto_download"}}
[debug] [2025-09-16T05:46:30.833Z] Ignoring unsupported arg: port {"metadata":{"emulator":{"name":"dataconnect"},"message":"Ignoring unsupported arg: port"}}
[debug] [2025-09-16T05:46:30.833Z] Starting Data Connect Emulator with command {"binary":"/Users/amaymalviya/.cache/firebase/emulators/dataconnect-emulator-2.12.0","args":["--logtostderr","-v=2","dev","--listen=localhost:50001","--config_dir=/Users/amaymalviya/Documents/Development/MajorPP/pet_connect/dataconnect","--enable_output_schema_extensions=true","--enable_output_generated_sdk=true"],"optionalArgs":["listen","config_dir","enable_output_schema_extensions","enable_output_generated_sdk"],"joinArgs":true,"shell":false,"port":9399} {"metadata":{"emulator":{"name":"dataconnect"},"message":"Starting Data Connect Emulator with command {\"binary\":\"/Users/amaymalviya/.cache/firebase/emulators/dataconnect-emulator-2.12.0\",\"args\":[\"--logtostderr\",\"-v=2\",\"dev\",\"--listen=localhost:50001\",\"--config_dir=/Users/amaymalviya/Documents/Development/MajorPP/pet_connect/dataconnect\",\"--enable_output_schema_extensions=true\",\"--enable_output_generated_sdk=true\"],\"optionalArgs\":[\"listen\",\"config_dir\",\"enable_output_schema_extensions\",\"enable_output_generated_sdk\"],\"joinArgs\":true,\"shell\":false,\"port\":9399}"}}
[info] i  dataconnect: Data Connect Emulator logging to dataconnect-debug.log {"metadata":{"emulator":{"name":"dataconnect"},"message":"Data Connect Emulator logging to dataconnect-debug.log"}}
[debug] [2025-09-16T05:46:31.657Z] <<< [apiv2][status] POST https://www.googleapis.com/oauth2/v3/token 200
[debug] [2025-09-16T05:46:31.658Z] <<< [apiv2][body] POST https://www.googleapis.com/oauth2/v3/token [omitted]
[debug] [2025-09-16T05:46:31.684Z] [Firebase Plugin] User found:  amaymalviya2@gmail.com
[info] [Firebase Plugin] (Core:Project) New user detected, fetching projects
[debug] [2025-09-16T05:46:31.684Z] Checked if tokens are valid: true, expires at: 1758005190658
[debug] [2025-09-16T05:46:31.690Z] >>> [apiv2][query] GET https://firebase.googleapis.com/v1beta1/projects pageSize=1000
[debug] [2025-09-16T05:46:32.752Z] <<< [apiv2][status] GET https://firebase.googleapis.com/v1beta1/projects 200
[debug] [2025-09-16T05:46:32.753Z] <<< [apiv2][body] GET https://firebase.googleapis.com/v1beta1/projects [omitted]
[debug] [2025-09-16T05:46:34.653Z] I0916 11:16:34.648313    3299 load.go:31] Reloading schema and connectors...
 {"metadata":{"emulator":{"name":"dataconnect"},"message":"I0916 11:16:34.648313    3299 load.go:31] Reloading schema and connectors...\n"}}
[debug] [2025-09-16T05:46:34.736Z] I0916 11:16:34.735230    3299 control.go:94] [/emulator/petconnect 742b] UpdateResources(): done
Schema: sources: schema/schema.gql [2088B] 
Connector "default": sources: connector/mutations.gql [1301B] connector/queries.gql [1947B] 
 {"metadata":{"emulator":{"name":"dataconnect"},"message":"I0916 11:16:34.735230    3299 control.go:94] [/emulator/petconnect 742b] UpdateResources(): done\nSchema: sources: schema/schema.gql [2088B] \nConnector \"default\": sources: connector/mutations.gql [1301B] connector/queries.gql [1947B] \n"}}
[debug] [2025-09-16T05:46:34.808Z] I0916 11:16:34.806973    3299 collector.go:107] schema extensions wrote into "/Users/amaymalviya/Documents/Development/MajorPP/pet_connect/dataconnect/.dataconnect/schema"
Generated sources: prelude.gql [73251B] 
 {"metadata":{"emulator":{"name":"dataconnect"},"message":"I0916 11:16:34.806973    3299 collector.go:107] schema extensions wrote into \"/Users/amaymalviya/Documents/Development/MajorPP/pet_connect/dataconnect/.dataconnect/schema\"\nGenerated sources: prelude.gql [73251B] \n"}}
[debug] [2025-09-16T05:46:34.809Z] I0916 11:16:34.808832    3299 load.go:109] Finished reloading
 {"metadata":{"emulator":{"name":"dataconnect"},"message":"I0916 11:16:34.808832    3299 load.go:109] Finished reloading\n"}}
[debug] [2025-09-16T05:46:34.833Z] I0916 11:16:34.831965    3299 dev.go:102] Listening on address (HTTP + gRPC): 127.0.0.1:50001
 {"metadata":{"emulator":{"name":"dataconnect"},"message":"I0916 11:16:34.831965    3299 dev.go:102] Listening on address (HTTP + gRPC): 127.0.0.1:50001\n"}}
[debug] [2025-09-16T05:46:35.195Z] I0916 11:16:35.194687    3299 engine.go:171] [/emulator/petconnect 742b] ExecuteGraphqlRead IntrospectionQuery: succeeded. 
 {"metadata":{"emulator":{"name":"dataconnect"},"message":"I0916 11:16:35.194687    3299 engine.go:171] [/emulator/petconnect 742b] ExecuteGraphqlRead IntrospectionQuery: succeeded. \n"}}
[info] [Firebase Plugin] Stopping Data Connect toolkit
[warn] ⚠  Data Connect Emulator has exited upon receiving signal: SIGINT 
[debug] [2025-09-17T05:54:54.616Z] [Firebase Plugin] Activating Firebase extension.
[info] [Firebase Plugin] Checked firebase-tools, is up to date!
[debug] [2025-09-17T05:54:57.305Z] [Firebase Plugin] requireAuthWrapper
[debug] [2025-09-17T05:54:57.305Z] > command requires scopes: ["email","openid","https://www.googleapis.com/auth/cloudplatformprojects.readonly","https://www.googleapis.com/auth/firebase","https://www.googleapis.com/auth/cloud-platform"]
[debug] [2025-09-17T05:54:57.306Z] > authorizing via signed-in user (amaymalviya2@gmail.com)
[debug] [2025-09-17T05:54:57.309Z] Checked if tokens are valid: false, expires at: 1758009144938
[debug] [2025-09-17T05:54:57.309Z] Checked if tokens are valid: false, expires at: 1758009144938
[debug] [2025-09-17T05:54:57.309Z] > refreshing access token with scopes: []
[debug] [2025-09-17T05:54:57.310Z] >>> [apiv2][query] POST https://www.googleapis.com/oauth2/v3/token [none]
[debug] [2025-09-17T05:54:57.310Z] >>> [apiv2][body] POST https://www.googleapis.com/oauth2/v3/token [omitted]
[debug] [2025-09-17T05:54:57.322Z] [Firebase Plugin] VSCode notification server listening on port 40001
[info] [Firebase Plugin] Starting Data Connect toolkit (version 2.12.0) on port 50001
[debug] [2025-09-17T05:54:59.606Z] I0917 11:24:59.591345   54535 control.go:94] [/emulator/petconnect 1b22] UpdateResources(): done
Schema: sources: schema/schema.gql [2088B] 
Connector "default": sources: connector/queries.gql [1947B] connector/mutations.gql [1301B] 
 {"metadata":{"emulator":{"name":"dataconnect"},"message":"I0917 11:24:59.591345   54535 control.go:94] [/emulator/petconnect 1b22] UpdateResources(): done\nSchema: sources: schema/schema.gql [2088B] \nConnector \"default\": sources: connector/queries.gql [1947B] connector/mutations.gql [1301B] \n"}}
[debug] [2025-09-17T05:54:59.608Z] Ignoring unsupported arg: auto_download {"metadata":{"emulator":{"name":"dataconnect"},"message":"Ignoring unsupported arg: auto_download"}}
[debug] [2025-09-17T05:54:59.608Z] Ignoring unsupported arg: port {"metadata":{"emulator":{"name":"dataconnect"},"message":"Ignoring unsupported arg: port"}}
[debug] [2025-09-17T05:54:59.609Z] Starting Data Connect Emulator with command {"binary":"/Users/amaymalviya/.cache/firebase/emulators/dataconnect-emulator-2.12.0","args":["--logtostderr","-v=2","dev","--listen=localhost:50001","--config_dir=/Users/amaymalviya/Documents/Development/MajorPP/pet_connect/dataconnect","--enable_output_schema_extensions=true","--enable_output_generated_sdk=true"],"optionalArgs":["listen","config_dir","enable_output_schema_extensions","enable_output_generated_sdk"],"joinArgs":true,"shell":false,"port":9399} {"metadata":{"emulator":{"name":"dataconnect"},"message":"Starting Data Connect Emulator with command {\"binary\":\"/Users/amaymalviya/.cache/firebase/emulators/dataconnect-emulator-2.12.0\",\"args\":[\"--logtostderr\",\"-v=2\",\"dev\",\"--listen=localhost:50001\",\"--config_dir=/Users/amaymalviya/Documents/Development/MajorPP/pet_connect/dataconnect\",\"--enable_output_schema_extensions=true\",\"--enable_output_generated_sdk=true\"],\"optionalArgs\":[\"listen\",\"config_dir\",\"enable_output_schema_extensions\",\"enable_output_generated_sdk\"],\"joinArgs\":true,\"shell\":false,\"port\":9399}"}}
[info] i  dataconnect: Data Connect Emulator logging to dataconnect-debug.log {"metadata":{"emulator":{"name":"dataconnect"},"message":"Data Connect Emulator logging to dataconnect-debug.log"}}
[debug] [2025-09-17T05:54:59.999Z] I0917 11:24:59.996368   54539 load.go:31] Reloading schema and connectors...
 {"metadata":{"emulator":{"name":"dataconnect"},"message":"I0917 11:24:59.996368   54539 load.go:31] Reloading schema and connectors...\n"}}
[debug] [2025-09-17T05:55:00.070Z] I0917 11:25:00.069885   54539 control.go:94] [/emulator/petconnect b3d6] UpdateResources(): done
Schema: sources: schema/schema.gql [2088B] 
Connector "default": sources: connector/mutations.gql [1301B] connector/queries.gql [1947B] 
 {"metadata":{"emulator":{"name":"dataconnect"},"message":"I0917 11:25:00.069885   54539 control.go:94] [/emulator/petconnect b3d6] UpdateResources(): done\nSchema: sources: schema/schema.gql [2088B] \nConnector \"default\": sources: connector/mutations.gql [1301B] connector/queries.gql [1947B] \n"}}
[debug] [2025-09-17T05:55:00.110Z] I0917 11:25:00.109884   54539 collector.go:107] schema extensions wrote into "/Users/amaymalviya/Documents/Development/MajorPP/pet_connect/dataconnect/.dataconnect/schema"
Generated sources: prelude.gql [73251B] 
I0917 11:25:00.110025   54539 load.go:109] Finished reloading
 {"metadata":{"emulator":{"name":"dataconnect"},"message":"I0917 11:25:00.109884   54539 collector.go:107] schema extensions wrote into \"/Users/amaymalviya/Documents/Development/MajorPP/pet_connect/dataconnect/.dataconnect/schema\"\nGenerated sources: prelude.gql [73251B] \nI0917 11:25:00.110025   54539 load.go:109] Finished reloading\n"}}
[debug] [2025-09-17T05:55:00.120Z] I0917 11:25:00.119742   54539 dev.go:102] Listening on address (HTTP + gRPC): 127.0.0.1:50001
 {"metadata":{"emulator":{"name":"dataconnect"},"message":"I0917 11:25:00.119742   54539 dev.go:102] Listening on address (HTTP + gRPC): 127.0.0.1:50001\n"}}
[debug] [2025-09-17T05:55:00.369Z] <<< [apiv2][status] POST https://www.googleapis.com/oauth2/v3/token 200
[debug] [2025-09-17T05:55:00.369Z] <<< [apiv2][body] POST https://www.googleapis.com/oauth2/v3/token [omitted]
[debug] [2025-09-17T05:55:00.381Z] [Firebase Plugin] User found:  amaymalviya2@gmail.com
[info] [Firebase Plugin] (Core:Project) New user detected, fetching projects
[debug] [2025-09-17T05:55:00.381Z] Checked if tokens are valid: true, expires at: 1758092099369
[debug] [2025-09-17T05:55:00.382Z] >>> [apiv2][query] GET https://firebase.googleapis.com/v1beta1/projects pageSize=1000
[debug] [2025-09-17T05:55:01.006Z] I0917 11:25:01.003302   54539 engine.go:171] [/emulator/petconnect b3d6] ExecuteGraphqlRead IntrospectionQuery: succeeded. 
 {"metadata":{"emulator":{"name":"dataconnect"},"message":"I0917 11:25:01.003302   54539 engine.go:171] [/emulator/petconnect b3d6] ExecuteGraphqlRead IntrospectionQuery: succeeded. \n"}}
[debug] [2025-09-17T05:55:01.695Z] <<< [apiv2][status] GET https://firebase.googleapis.com/v1beta1/projects 200
[debug] [2025-09-17T05:55:01.696Z] <<< [apiv2][body] GET https://firebase.googleapis.com/v1beta1/projects [omitted]
[info] [Firebase Plugin] Stopping Data Connect toolkit
[warn] ⚠  Data Connect Emulator has exited upon receiving signal: SIGINT 
[debug] [2025-09-23T05:13:10.288Z] [Firebase Plugin] Activating Firebase extension.
[debug] [2025-09-23T05:13:23.670Z] [Firebase Plugin] requireAuthWrapper
[debug] [2025-09-23T05:13:23.673Z] > command requires scopes: ["email","openid","https://www.googleapis.com/auth/cloudplatformprojects.readonly","https://www.googleapis.com/auth/firebase","https://www.googleapis.com/auth/cloud-platform"]
[debug] [2025-09-23T05:13:23.673Z] > authorizing via signed-in user (amaymalviya2@gmail.com)
[debug] [2025-09-23T05:13:23.678Z] Checked if tokens are valid: true, expires at: 1758607992250
[debug] [2025-09-23T05:13:23.678Z] Checked if tokens are valid: true, expires at: 1758607992250
[debug] [2025-09-23T05:13:23.678Z] [Firebase Plugin] User found:  amaymalviya2@gmail.com
[info] [Firebase Plugin] (Core:Project) New user detected, fetching projects
[debug] [2025-09-23T05:13:23.679Z] Checked if tokens are valid: true, expires at: 1758607992250
[debug] [2025-09-23T05:13:23.681Z] >>> [apiv2][query] GET https://firebase.googleapis.com/v1beta1/projects pageSize=1000
[info] [Firebase Plugin] Starting Data Connect toolkit (version 2.13.0) on port 50001
[info] i  dataconnect: downloading dataconnect-emulator-2.13.0... {"metadata":{"emulator":{"name":"dataconnect"},"message":"downloading dataconnect-emulator-2.13.0..."}}
[debug] [2025-09-23T05:13:24.324Z] >>> [apiv2][query] GET https://storage.googleapis.com/firemat-preview-drop/emulator/dataconnect-emulator-macos-v2.13.0 
[debug] [2025-09-23T05:13:24.735Z] <<< [apiv2][status] GET https://firebase.googleapis.com/v1beta1/projects 200
[debug] [2025-09-23T05:13:24.736Z] <<< [apiv2][body] GET https://firebase.googleapis.com/v1beta1/projects [omitted]
[debug] [2025-09-23T05:13:24.966Z] <<< [apiv2][status] GET https://storage.googleapis.com/firemat-preview-drop/emulator/dataconnect-emulator-macos-v2.13.0 200
[debug] [2025-09-23T05:13:24.967Z] <<< [apiv2][body] GET https://storage.googleapis.com/firemat-preview-drop/emulator/dataconnect-emulator-macos-v2.13.0 [stream]
[info] i  dataconnect: Removing outdated emulator files: dataconnect-emulator-2.12.0 {"metadata":{"emulator":{"name":"dataconnect"},"message":"Removing outdated emulator files: dataconnect-emulator-2.12.0"}}
[debug] [2025-09-23T05:13:37.668Z] I0923 10:43:37.648756   86693 control.go:94] [/emulator/petconnect da8b] UpdateResources(): done
Schema: sources: schema/schema.gql [2088B] 
Connector "default": sources: connector/mutations.gql [1301B] connector/queries.gql [1947B] 
 {"metadata":{"emulator":{"name":"dataconnect"},"message":"I0923 10:43:37.648756   86693 control.go:94] [/emulator/petconnect da8b] UpdateResources(): done\nSchema: sources: schema/schema.gql [2088B] \nConnector \"default\": sources: connector/mutations.gql [1301B] connector/queries.gql [1947B] \n"}}
[debug] [2025-09-23T05:13:37.673Z] Ignoring unsupported arg: auto_download {"metadata":{"emulator":{"name":"dataconnect"},"message":"Ignoring unsupported arg: auto_download"}}
[debug] [2025-09-23T05:13:37.673Z] Ignoring unsupported arg: port {"metadata":{"emulator":{"name":"dataconnect"},"message":"Ignoring unsupported arg: port"}}
[debug] [2025-09-23T05:13:37.730Z] Starting Data Connect Emulator with command {"binary":"/Users/amaymalviya/.cache/firebase/emulators/dataconnect-emulator-2.13.0","args":["--logtostderr","-v=2","dev","--listen=localhost:50001","--config_dir=/Users/amaymalviya/Documents/Development/MajorPP/pet_connect/dataconnect","--enable_output_schema_extensions=true","--enable_output_generated_sdk=true"],"optionalArgs":["listen","config_dir","enable_output_schema_extensions","enable_output_generated_sdk"],"joinArgs":true,"shell":false,"port":9399} {"metadata":{"emulator":{"name":"dataconnect"},"message":"Starting Data Connect Emulator with command {\"binary\":\"/Users/amaymalviya/.cache/firebase/emulators/dataconnect-emulator-2.13.0\",\"args\":[\"--logtostderr\",\"-v=2\",\"dev\",\"--listen=localhost:50001\",\"--config_dir=/Users/amaymalviya/Documents/Development/MajorPP/pet_connect/dataconnect\",\"--enable_output_schema_extensions=true\",\"--enable_output_generated_sdk=true\"],\"optionalArgs\":[\"listen\",\"config_dir\",\"enable_output_schema_extensions\",\"enable_output_generated_sdk\"],\"joinArgs\":true,\"shell\":false,\"port\":9399}"}}
[info] i  dataconnect: Data Connect Emulator logging to dataconnect-debug.log {"metadata":{"emulator":{"name":"dataconnect"},"message":"Data Connect Emulator logging to dataconnect-debug.log"}}
[debug] [2025-09-23T05:13:40.300Z] I0923 10:43:38.399337   86704 load.go:31] Reloading schema and connectors...
I0923 10:43:38.462915   86704 control.go:94] [/emulator/petconnect a8ad] UpdateResources(): done
Schema: sources: schema/schema.gql [2088B] 
Connector "default": sources: connector/queries.gql [1947B] connector/mutations.gql [1301B] 
I0923 10:43:38.559711   86704 collector.go:107] schema extensions wrote into "/Users/amaymalviya/Documents/Development/MajorPP/pet_connect/dataconnect/.dataconnect/schema"
Generated sources: prelude.gql [73251B] 
I0923 10:43:38.559916   86704 load.go:109] Finished reloading
I0923 10:43:38.579157   86704 dev.go:102] Listening on address (HTTP + gRPC): 127.0.0.1:50001
 {"metadata":{"emulator":{"name":"dataconnect"},"message":"I0923 10:43:38.399337   86704 load.go:31] Reloading schema and connectors...\nI0923 10:43:38.462915   86704 control.go:94] [/emulator/petconnect a8ad] UpdateResources(): done\nSchema: sources: schema/schema.gql [2088B] \nConnector \"default\": sources: connector/queries.gql [1947B] connector/mutations.gql [1301B] \nI0923 10:43:38.559711   86704 collector.go:107] schema extensions wrote into \"/Users/amaymalviya/Documents/Development/MajorPP/pet_connect/dataconnect/.dataconnect/schema\"\nGenerated sources: prelude.gql [73251B] \nI0923 10:43:38.559916   86704 load.go:109] Finished reloading\nI0923 10:43:38.579157   86704 dev.go:102] Listening on address (HTTP + gRPC): 127.0.0.1:50001\n"}}
[info] [Firebase Plugin] Stopping Data Connect toolkit
[warn] ⚠  Data Connect Emulator has exited upon receiving signal: SIGINT 
[debug] [2025-10-03T14:53:32.107Z] [Firebase Plugin] Activating Firebase extension.
[debug] [2025-10-03T14:53:40.345Z] [Firebase Plugin] requireAuthWrapper
[debug] [2025-10-03T14:53:40.348Z] > command requires scopes: ["email","openid","https://www.googleapis.com/auth/cloudplatformprojects.readonly","https://www.googleapis.com/auth/firebase","https://www.googleapis.com/auth/cloud-platform"]
[debug] [2025-10-03T14:53:40.348Z] > authorizing via signed-in user (amaymalviya2@gmail.com)
[debug] [2025-10-03T14:53:40.351Z] Checked if tokens are valid: true, expires at: 1759506625979
[debug] [2025-10-03T14:53:40.351Z] Checked if tokens are valid: true, expires at: 1759506625979
[debug] [2025-10-03T14:53:40.351Z] [Firebase Plugin] User found:  amaymalviya2@gmail.com
[info] [Firebase Plugin] (Core:Project) New user detected, fetching projects
[debug] [2025-10-03T14:53:40.352Z] Checked if tokens are valid: true, expires at: 1759506625979
[debug] [2025-10-03T14:53:40.353Z] >>> [apiv2][query] GET https://firebase.googleapis.com/v1beta1/projects pageSize=1000
[debug] [2025-10-03T14:53:40.360Z] [Firebase Plugin] VSCode notification server listening on port 40001
[info] [Firebase Plugin] Starting Data Connect toolkit (version 2.13.0) on port 50001
[debug] [2025-10-03T14:53:44.064Z] I1003 20:23:44.043486   10600 control.go:94] [/emulator/petconnect 41e7] UpdateResources(): done
Schema: sources: schema/schema.gql [2088B] 
Connector "default": sources: connector/mutations.gql [1301B] connector/queries.gql [1947B] 
 {"metadata":{"emulator":{"name":"dataconnect"},"message":"I1003 20:23:44.043486   10600 control.go:94] [/emulator/petconnect 41e7] UpdateResources(): done\nSchema: sources: schema/schema.gql [2088B] \nConnector \"default\": sources: connector/mutations.gql [1301B] connector/queries.gql [1947B] \n"}}
[debug] [2025-10-03T14:53:44.067Z] Ignoring unsupported arg: auto_download {"metadata":{"emulator":{"name":"dataconnect"},"message":"Ignoring unsupported arg: auto_download"}}
[debug] [2025-10-03T14:53:44.067Z] Ignoring unsupported arg: port {"metadata":{"emulator":{"name":"dataconnect"},"message":"Ignoring unsupported arg: port"}}
[debug] [2025-10-03T14:53:44.067Z] Starting Data Connect Emulator with command {"binary":"/Users/amaymalviya/.cache/firebase/emulators/dataconnect-emulator-2.13.0","args":["--logtostderr","-v=2","dev","--listen=localhost:50001","--config_dir=/Users/amaymalviya/Documents/Development/MajorPP/pet_connect/dataconnect","--enable_output_schema_extensions=true","--enable_output_generated_sdk=true"],"optionalArgs":["listen","config_dir","enable_output_schema_extensions","enable_output_generated_sdk"],"joinArgs":true,"shell":false,"port":9399} {"metadata":{"emulator":{"name":"dataconnect"},"message":"Starting Data Connect Emulator with command {\"binary\":\"/Users/amaymalviya/.cache/firebase/emulators/dataconnect-emulator-2.13.0\",\"args\":[\"--logtostderr\",\"-v=2\",\"dev\",\"--listen=localhost:50001\",\"--config_dir=/Users/amaymalviya/Documents/Development/MajorPP/pet_connect/dataconnect\",\"--enable_output_schema_extensions=true\",\"--enable_output_generated_sdk=true\"],\"optionalArgs\":[\"listen\",\"config_dir\",\"enable_output_schema_extensions\",\"enable_output_generated_sdk\"],\"joinArgs\":true,\"shell\":false,\"port\":9399}"}}
[info] i  dataconnect: Data Connect Emulator logging to dataconnect-debug.log {"metadata":{"emulator":{"name":"dataconnect"},"message":"Data Connect Emulator logging to dataconnect-debug.log"}}
[debug] [2025-10-03T14:53:44.377Z] <<< [apiv2][status] GET https://firebase.googleapis.com/v1beta1/projects 200
[debug] [2025-10-03T14:53:44.377Z] <<< [apiv2][body] GET https://firebase.googleapis.com/v1beta1/projects [omitted]
[debug] [2025-10-03T14:53:44.908Z] I1003 20:23:44.906044   10605 load.go:31] Reloading schema and connectors...
 {"metadata":{"emulator":{"name":"dataconnect"},"message":"I1003 20:23:44.906044   10605 load.go:31] Reloading schema and connectors...\n"}}
[debug] [2025-10-03T14:53:44.970Z] I1003 20:23:44.970269   10605 control.go:94] [/emulator/petconnect 2de6] UpdateResources(): done
Schema: sources: schema/schema.gql [2088B] 
Connector "default": sources: connector/queries.gql [1947B] connector/mutations.gql [1301B] 
 {"metadata":{"emulator":{"name":"dataconnect"},"message":"I1003 20:23:44.970269   10605 control.go:94] [/emulator/petconnect 2de6] UpdateResources(): done\nSchema: sources: schema/schema.gql [2088B] \nConnector \"default\": sources: connector/queries.gql [1947B] connector/mutations.gql [1301B] \n"}}
[debug] [2025-10-03T14:53:45.013Z] I1003 20:23:45.008261   10605 collector.go:107] schema extensions wrote into "/Users/amaymalviya/Documents/Development/MajorPP/pet_connect/dataconnect/.dataconnect/schema"
Generated sources: prelude.gql [73251B] 
I1003 20:23:45.009740   10605 load.go:109] Finished reloading
 {"metadata":{"emulator":{"name":"dataconnect"},"message":"I1003 20:23:45.008261   10605 collector.go:107] schema extensions wrote into \"/Users/amaymalviya/Documents/Development/MajorPP/pet_connect/dataconnect/.dataconnect/schema\"\nGenerated sources: prelude.gql [73251B] \nI1003 20:23:45.009740   10605 load.go:109] Finished reloading\n"}}
[debug] [2025-10-03T14:53:45.033Z] I1003 20:23:45.032018   10605 dev.go:102] Listening on address (HTTP + gRPC): 127.0.0.1:50001
 {"metadata":{"emulator":{"name":"dataconnect"},"message":"I1003 20:23:45.032018   10605 dev.go:102] Listening on address (HTTP + gRPC): 127.0.0.1:50001\n"}}
[debug] [2025-10-03T14:53:45.349Z] I1003 20:23:45.349013   10605 engine.go:169] [/emulator/petconnect 2de6] ExecuteGraphqlRead IntrospectionQuery: succeeded. 
 {"metadata":{"emulator":{"name":"dataconnect"},"message":"I1003 20:23:45.349013   10605 engine.go:169] [/emulator/petconnect 2de6] ExecuteGraphqlRead IntrospectionQuery: succeeded. \n"}}
[info] [Firebase Plugin] Stopping Data Connect toolkit
[warn] ⚠  Data Connect Emulator has exited upon receiving signal: SIGINT 
[debug] [2025-10-03T15:41:13.173Z] [Firebase Plugin] Activating Firebase extension.
[debug] [2025-10-03T15:41:20.992Z] [Firebase Plugin] requireAuthWrapper
[debug] [2025-10-03T15:41:20.994Z] > command requires scopes: ["email","openid","https://www.googleapis.com/auth/cloudplatformprojects.readonly","https://www.googleapis.com/auth/firebase","https://www.googleapis.com/auth/cloud-platform"]
[debug] [2025-10-03T15:41:20.994Z] > authorizing via signed-in user (amaymalviya2@gmail.com)
[debug] [2025-10-03T15:41:20.997Z] Checked if tokens are valid: false, expires at: 1759506625979
[debug] [2025-10-03T15:41:20.997Z] Checked if tokens are valid: false, expires at: 1759506625979
[debug] [2025-10-03T15:41:20.997Z] > refreshing access token with scopes: []
[debug] [2025-10-03T15:41:20.998Z] >>> [apiv2][query] POST https://www.googleapis.com/oauth2/v3/token [none]
[debug] [2025-10-03T15:41:20.998Z] >>> [apiv2][body] POST https://www.googleapis.com/oauth2/v3/token [omitted]
[debug] [2025-10-03T15:41:21.004Z] [Firebase Plugin] VSCode notification server listening on port 40001
[info] [Firebase Plugin] Starting Data Connect toolkit (version 2.13.0) on port 50001
[debug] [2025-10-03T15:41:23.054Z] I1003 21:11:23.038457   17534 control.go:94] [/emulator/petconnect ad10] UpdateResources(): done
Schema: sources: schema/schema.gql [2088B] 
Connector "default": sources: connector/queries.gql [1947B] connector/mutations.gql [1301B] 
 {"metadata":{"emulator":{"name":"dataconnect"},"message":"I1003 21:11:23.038457   17534 control.go:94] [/emulator/petconnect ad10] UpdateResources(): done\nSchema: sources: schema/schema.gql [2088B] \nConnector \"default\": sources: connector/queries.gql [1947B] connector/mutations.gql [1301B] \n"}}
[debug] [2025-10-03T15:41:23.056Z] Ignoring unsupported arg: auto_download {"metadata":{"emulator":{"name":"dataconnect"},"message":"Ignoring unsupported arg: auto_download"}}
[debug] [2025-10-03T15:41:23.056Z] Ignoring unsupported arg: port {"metadata":{"emulator":{"name":"dataconnect"},"message":"Ignoring unsupported arg: port"}}
[debug] [2025-10-03T15:41:23.056Z] Starting Data Connect Emulator with command {"binary":"/Users/amaymalviya/.cache/firebase/emulators/dataconnect-emulator-2.13.0","args":["--logtostderr","-v=2","dev","--listen=localhost:50001","--config_dir=/Users/amaymalviya/Documents/Development/MajorPP/pet_connect/dataconnect","--enable_output_schema_extensions=true","--enable_output_generated_sdk=true"],"optionalArgs":["listen","config_dir","enable_output_schema_extensions","enable_output_generated_sdk"],"joinArgs":true,"shell":false,"port":9399} {"metadata":{"emulator":{"name":"dataconnect"},"message":"Starting Data Connect Emulator with command {\"binary\":\"/Users/amaymalviya/.cache/firebase/emulators/dataconnect-emulator-2.13.0\",\"args\":[\"--logtostderr\",\"-v=2\",\"dev\",\"--listen=localhost:50001\",\"--config_dir=/Users/amaymalviya/Documents/Development/MajorPP/pet_connect/dataconnect\",\"--enable_output_schema_extensions=true\",\"--enable_output_generated_sdk=true\"],\"optionalArgs\":[\"listen\",\"config_dir\",\"enable_output_schema_extensions\",\"enable_output_generated_sdk\"],\"joinArgs\":true,\"shell\":false,\"port\":9399}"}}
[info] i  dataconnect: Data Connect Emulator logging to dataconnect-debug.log {"metadata":{"emulator":{"name":"dataconnect"},"message":"Data Connect Emulator logging to dataconnect-debug.log"}}
[debug] [2025-10-03T15:41:23.086Z] <<< [apiv2][status] POST https://www.googleapis.com/oauth2/v3/token 200
[debug] [2025-10-03T15:41:23.086Z] <<< [apiv2][body] POST https://www.googleapis.com/oauth2/v3/token [omitted]
[debug] [2025-10-03T15:41:23.100Z] [Firebase Plugin] User found:  amaymalviya2@gmail.com
[info] [Firebase Plugin] (Core:Project) New user detected, fetching projects
[debug] [2025-10-03T15:41:23.100Z] Checked if tokens are valid: true, expires at: 1759509682086
[debug] [2025-10-03T15:41:23.101Z] >>> [apiv2][query] GET https://firebase.googleapis.com/v1beta1/projects pageSize=1000
[debug] [2025-10-03T15:41:23.495Z] I1003 21:11:23.490930   17542 load.go:31] Reloading schema and connectors...
 {"metadata":{"emulator":{"name":"dataconnect"},"message":"I1003 21:11:23.490930   17542 load.go:31] Reloading schema and connectors...\n"}}
[debug] [2025-10-03T15:41:23.572Z] I1003 21:11:23.567207   17542 control.go:94] [/emulator/petconnect 8314] UpdateResources(): done
Schema: sources: schema/schema.gql [2088B] 
Connector "default": sources: connector/mutations.gql [1301B] connector/queries.gql [1947B] 
 {"metadata":{"emulator":{"name":"dataconnect"},"message":"I1003 21:11:23.567207   17542 control.go:94] [/emulator/petconnect 8314] UpdateResources(): done\nSchema: sources: schema/schema.gql [2088B] \nConnector \"default\": sources: connector/mutations.gql [1301B] connector/queries.gql [1947B] \n"}}
[debug] [2025-10-03T15:41:23.622Z] I1003 21:11:23.622026   17542 collector.go:107] schema extensions wrote into "/Users/amaymalviya/Documents/Development/MajorPP/pet_connect/dataconnect/.dataconnect/schema"
Generated sources: prelude.gql [73251B] 
I1003 21:11:23.622568   17542 load.go:109] Finished reloading
 {"metadata":{"emulator":{"name":"dataconnect"},"message":"I1003 21:11:23.622026   17542 collector.go:107] schema extensions wrote into \"/Users/amaymalviya/Documents/Development/MajorPP/pet_connect/dataconnect/.dataconnect/schema\"\nGenerated sources: prelude.gql [73251B] \nI1003 21:11:23.622568   17542 load.go:109] Finished reloading\n"}}
[debug] [2025-10-03T15:41:23.657Z] I1003 21:11:23.656604   17542 dev.go:102] Listening on address (HTTP + gRPC): 127.0.0.1:50001
 {"metadata":{"emulator":{"name":"dataconnect"},"message":"I1003 21:11:23.656604   17542 dev.go:102] Listening on address (HTTP + gRPC): 127.0.0.1:50001\n"}}
[debug] [2025-10-03T15:41:23.864Z] <<< [apiv2][status] GET https://firebase.googleapis.com/v1beta1/projects 200
[debug] [2025-10-03T15:41:23.865Z] <<< [apiv2][body] GET https://firebase.googleapis.com/v1beta1/projects [omitted]
[debug] [2025-10-03T15:41:24.001Z] I1003 21:11:23.952376   17542 engine.go:169] [/emulator/petconnect 8314] ExecuteGraphqlRead IntrospectionQuery: succeeded. 
 {"metadata":{"emulator":{"name":"dataconnect"},"message":"I1003 21:11:23.952376   17542 engine.go:169] [/emulator/petconnect 8314] ExecuteGraphqlRead IntrospectionQuery: succeeded. \n"}}
[info] [Firebase Plugin] Stopping Data Connect toolkit
[warn] ⚠  Data Connect Emulator has exited upon receiving signal: SIGINT 
[debug] [2025-10-03T15:44:03.305Z] [Firebase Plugin] Activating Firebase extension.
[debug] [2025-10-03T15:44:08.310Z] [Firebase Plugin] requireAuthWrapper
[debug] [2025-10-03T15:44:08.311Z] > command requires scopes: ["email","openid","https://www.googleapis.com/auth/cloudplatformprojects.readonly","https://www.googleapis.com/auth/firebase","https://www.googleapis.com/auth/cloud-platform"]
[debug] [2025-10-03T15:44:08.312Z] > authorizing via signed-in user (amaymalviya2@gmail.com)
[debug] [2025-10-03T15:44:08.314Z] Checked if tokens are valid: true, expires at: 1759509682086
[debug] [2025-10-03T15:44:08.314Z] Checked if tokens are valid: true, expires at: 1759509682086
[debug] [2025-10-03T15:44:08.314Z] [Firebase Plugin] User found:  amaymalviya2@gmail.com
[info] [Firebase Plugin] (Core:Project) New user detected, fetching projects
[debug] [2025-10-03T15:44:08.315Z] Checked if tokens are valid: true, expires at: 1759509682086
[debug] [2025-10-03T15:44:08.316Z] >>> [apiv2][query] GET https://firebase.googleapis.com/v1beta1/projects pageSize=1000
[debug] [2025-10-03T15:44:08.321Z] [Firebase Plugin] VSCode notification server listening on port 40001
[info] [Firebase Plugin] Starting Data Connect toolkit (version 2.13.0) on port 50001
[debug] [2025-10-03T15:44:10.216Z] I1003 21:14:10.197964   18339 control.go:94] [/emulator/petconnect f5f7] UpdateResources(): done
Schema: sources: schema/schema.gql [2088B] 
Connector "default": sources: connector/mutations.gql [1301B] connector/queries.gql [1947B] 
 {"metadata":{"emulator":{"name":"dataconnect"},"message":"I1003 21:14:10.197964   18339 control.go:94] [/emulator/petconnect f5f7] UpdateResources(): done\nSchema: sources: schema/schema.gql [2088B] \nConnector \"default\": sources: connector/mutations.gql [1301B] connector/queries.gql [1947B] \n"}}
[debug] [2025-10-03T15:44:10.220Z] Ignoring unsupported arg: auto_download {"metadata":{"emulator":{"name":"dataconnect"},"message":"Ignoring unsupported arg: auto_download"}}
[debug] [2025-10-03T15:44:10.220Z] Ignoring unsupported arg: port {"metadata":{"emulator":{"name":"dataconnect"},"message":"Ignoring unsupported arg: port"}}
[debug] [2025-10-03T15:44:10.220Z] Starting Data Connect Emulator with command {"binary":"/Users/amaymalviya/.cache/firebase/emulators/dataconnect-emulator-2.13.0","args":["--logtostderr","-v=2","dev","--listen=localhost:50001","--config_dir=/Users/amaymalviya/Documents/Development/MajorPP/pet_connect/dataconnect","--enable_output_schema_extensions=true","--enable_output_generated_sdk=true"],"optionalArgs":["listen","config_dir","enable_output_schema_extensions","enable_output_generated_sdk"],"joinArgs":true,"shell":false,"port":9399} {"metadata":{"emulator":{"name":"dataconnect"},"message":"Starting Data Connect Emulator with command {\"binary\":\"/Users/amaymalviya/.cache/firebase/emulators/dataconnect-emulator-2.13.0\",\"args\":[\"--logtostderr\",\"-v=2\",\"dev\",\"--listen=localhost:50001\",\"--config_dir=/Users/amaymalviya/Documents/Development/MajorPP/pet_connect/dataconnect\",\"--enable_output_schema_extensions=true\",\"--enable_output_generated_sdk=true\"],\"optionalArgs\":[\"listen\",\"config_dir\",\"enable_output_schema_extensions\",\"enable_output_generated_sdk\"],\"joinArgs\":true,\"shell\":false,\"port\":9399}"}}
[info] i  dataconnect: Data Connect Emulator logging to dataconnect-debug.log {"metadata":{"emulator":{"name":"dataconnect"},"message":"Data Connect Emulator logging to dataconnect-debug.log"}}
[debug] [2025-10-03T15:44:10.281Z] <<< [apiv2][status] GET https://firebase.googleapis.com/v1beta1/projects 200
[debug] [2025-10-03T15:44:10.282Z] <<< [apiv2][body] GET https://firebase.googleapis.com/v1beta1/projects [omitted]
[debug] [2025-10-03T15:44:10.910Z] I1003 21:14:10.906660   18341 load.go:31] Reloading schema and connectors...
 {"metadata":{"emulator":{"name":"dataconnect"},"message":"I1003 21:14:10.906660   18341 load.go:31] Reloading schema and connectors...\n"}}
[debug] [2025-10-03T15:44:10.976Z] I1003 21:14:10.975679   18341 control.go:94] [/emulator/petconnect 3e95] UpdateResources(): done
Schema: sources: schema/schema.gql [2088B] 
Connector "default": sources: connector/mutations.gql [1301B] connector/queries.gql [1947B] 
 {"metadata":{"emulator":{"name":"dataconnect"},"message":"I1003 21:14:10.975679   18341 control.go:94] [/emulator/petconnect 3e95] UpdateResources(): done\nSchema: sources: schema/schema.gql [2088B] \nConnector \"default\": sources: connector/mutations.gql [1301B] connector/queries.gql [1947B] \n"}}
[debug] [2025-10-03T15:44:11.038Z] I1003 21:14:11.037874   18341 collector.go:107] schema extensions wrote into "/Users/amaymalviya/Documents/Development/MajorPP/pet_connect/dataconnect/.dataconnect/schema"
Generated sources: prelude.gql [73251B] 
 {"metadata":{"emulator":{"name":"dataconnect"},"message":"I1003 21:14:11.037874   18341 collector.go:107] schema extensions wrote into \"/Users/amaymalviya/Documents/Development/MajorPP/pet_connect/dataconnect/.dataconnect/schema\"\nGenerated sources: prelude.gql [73251B] \n"}}
[debug] [2025-10-03T15:44:11.039Z] I1003 21:14:11.038254   18341 load.go:109] Finished reloading
 {"metadata":{"emulator":{"name":"dataconnect"},"message":"I1003 21:14:11.038254   18341 load.go:109] Finished reloading\n"}}
[debug] [2025-10-03T15:44:11.056Z] I1003 21:14:11.055416   18341 dev.go:102] Listening on address (HTTP + gRPC): 127.0.0.1:50001
 {"metadata":{"emulator":{"name":"dataconnect"},"message":"I1003 21:14:11.055416   18341 dev.go:102] Listening on address (HTTP + gRPC): 127.0.0.1:50001\n"}}
[debug] [2025-10-03T15:44:11.274Z] I1003 21:14:11.274520   18341 engine.go:169] [/emulator/petconnect 3e95] ExecuteGraphqlRead IntrospectionQuery: succeeded. 
 {"metadata":{"emulator":{"name":"dataconnect"},"message":"I1003 21:14:11.274520   18341 engine.go:169] [/emulator/petconnect 3e95] ExecuteGraphqlRead IntrospectionQuery: succeeded. \n"}}
[info] [Firebase Plugin] Stopping Data Connect toolkit
[warn] ⚠  Data Connect Emulator has exited upon receiving signal: SIGINT 
[debug] [2025-10-03T15:52:16.689Z] [Firebase Plugin] Activating Firebase extension.
[debug] [2025-10-03T15:52:20.203Z] [Firebase Plugin] requireAuthWrapper
[debug] [2025-10-03T15:52:20.204Z] > command requires scopes: ["email","openid","https://www.googleapis.com/auth/cloudplatformprojects.readonly","https://www.googleapis.com/auth/firebase","https://www.googleapis.com/auth/cloud-platform"]
[debug] [2025-10-03T15:52:20.205Z] > authorizing via signed-in user (amaymalviya2@gmail.com)
[debug] [2025-10-03T15:52:20.208Z] Checked if tokens are valid: true, expires at: 1759509682086
[debug] [2025-10-03T15:52:20.208Z] Checked if tokens are valid: true, expires at: 1759509682086
[debug] [2025-10-03T15:52:20.208Z] [Firebase Plugin] User found:  amaymalviya2@gmail.com
[info] [Firebase Plugin] (Core:Project) New user detected, fetching projects
[debug] [2025-10-03T15:52:20.209Z] Checked if tokens are valid: true, expires at: 1759509682086
[debug] [2025-10-03T15:52:20.210Z] >>> [apiv2][query] GET https://firebase.googleapis.com/v1beta1/projects pageSize=1000
[debug] [2025-10-03T15:52:20.217Z] [Firebase Plugin] VSCode notification server listening on port 40001
[info] [Firebase Plugin] Starting Data Connect toolkit (version 2.13.0) on port 50001
[debug] [2025-10-03T15:52:23.713Z] I1003 21:22:23.553263   20826 control.go:94] [/emulator/petconnect c986] UpdateResources(): done
Schema: sources: schema/schema.gql [2088B] 
Connector "default": sources: connector/mutations.gql [1301B] connector/queries.gql [1947B] 
 {"metadata":{"emulator":{"name":"dataconnect"},"message":"I1003 21:22:23.553263   20826 control.go:94] [/emulator/petconnect c986] UpdateResources(): done\nSchema: sources: schema/schema.gql [2088B] \nConnector \"default\": sources: connector/mutations.gql [1301B] connector/queries.gql [1947B] \n"}}
[debug] [2025-10-03T15:52:24.260Z] Ignoring unsupported arg: auto_download {"metadata":{"emulator":{"name":"dataconnect"},"message":"Ignoring unsupported arg: auto_download"}}
[debug] [2025-10-03T15:52:24.260Z] Ignoring unsupported arg: port {"metadata":{"emulator":{"name":"dataconnect"},"message":"Ignoring unsupported arg: port"}}
[debug] [2025-10-03T15:52:24.261Z] Starting Data Connect Emulator with command {"binary":"/Users/amaymalviya/.cache/firebase/emulators/dataconnect-emulator-2.13.0","args":["--logtostderr","-v=2","dev","--listen=localhost:50001","--config_dir=/Users/amaymalviya/Documents/Development/MajorPP/pet_connect/dataconnect","--enable_output_schema_extensions=true","--enable_output_generated_sdk=true"],"optionalArgs":["listen","config_dir","enable_output_schema_extensions","enable_output_generated_sdk"],"joinArgs":true,"shell":false,"port":9399} {"metadata":{"emulator":{"name":"dataconnect"},"message":"Starting Data Connect Emulator with command {\"binary\":\"/Users/amaymalviya/.cache/firebase/emulators/dataconnect-emulator-2.13.0\",\"args\":[\"--logtostderr\",\"-v=2\",\"dev\",\"--listen=localhost:50001\",\"--config_dir=/Users/amaymalviya/Documents/Development/MajorPP/pet_connect/dataconnect\",\"--enable_output_schema_extensions=true\",\"--enable_output_generated_sdk=true\"],\"optionalArgs\":[\"listen\",\"config_dir\",\"enable_output_schema_extensions\",\"enable_output_generated_sdk\"],\"joinArgs\":true,\"shell\":false,\"port\":9399}"}}
[info] i  dataconnect: Data Connect Emulator logging to dataconnect-debug.log {"metadata":{"emulator":{"name":"dataconnect"},"message":"Data Connect Emulator logging to dataconnect-debug.log"}}
[debug] [2025-10-03T15:52:24.573Z] I1003 21:22:24.571046   20830 load.go:31] Reloading schema and connectors...
 {"metadata":{"emulator":{"name":"dataconnect"},"message":"I1003 21:22:24.571046   20830 load.go:31] Reloading schema and connectors...\n"}}
[debug] [2025-10-03T15:52:24.602Z] I1003 21:22:24.602575   20830 control.go:94] [/emulator/petconnect 4764] UpdateResources(): done
Schema: sources: schema/schema.gql [2088B] 
Connector "default": sources: connector/mutations.gql [1301B] connector/queries.gql [1947B] 
 {"metadata":{"emulator":{"name":"dataconnect"},"message":"I1003 21:22:24.602575   20830 control.go:94] [/emulator/petconnect 4764] UpdateResources(): done\nSchema: sources: schema/schema.gql [2088B] \nConnector \"default\": sources: connector/mutations.gql [1301B] connector/queries.gql [1947B] \n"}}
[debug] [2025-10-03T15:52:24.623Z] I1003 21:22:24.623082   20830 collector.go:107] schema extensions wrote into "/Users/amaymalviya/Documents/Development/MajorPP/pet_connect/dataconnect/.dataconnect/schema"
Generated sources: prelude.gql [73251B] 
 {"metadata":{"emulator":{"name":"dataconnect"},"message":"I1003 21:22:24.623082   20830 collector.go:107] schema extensions wrote into \"/Users/amaymalviya/Documents/Development/MajorPP/pet_connect/dataconnect/.dataconnect/schema\"\nGenerated sources: prelude.gql [73251B] \n"}}
[debug] [2025-10-03T15:52:24.623Z] I1003 21:22:24.623406   20830 load.go:109] Finished reloading
 {"metadata":{"emulator":{"name":"dataconnect"},"message":"I1003 21:22:24.623406   20830 load.go:109] Finished reloading\n"}}
[debug] [2025-10-03T15:52:24.632Z] I1003 21:22:24.631956   20830 dev.go:102] Listening on address (HTTP + gRPC): 127.0.0.1:50001
 {"metadata":{"emulator":{"name":"dataconnect"},"message":"I1003 21:22:24.631956   20830 dev.go:102] Listening on address (HTTP + gRPC): 127.0.0.1:50001\n"}}
[debug] [2025-10-03T15:52:24.900Z] I1003 21:22:24.900196   20830 engine.go:169] [/emulator/petconnect 4764] ExecuteGraphqlRead IntrospectionQuery: succeeded. 
 {"metadata":{"emulator":{"name":"dataconnect"},"message":"I1003 21:22:24.900196   20830 engine.go:169] [/emulator/petconnect 4764] ExecuteGraphqlRead IntrospectionQuery: succeeded. \n"}}
[debug] [2025-10-03T15:52:25.344Z] <<< [apiv2][status] GET https://firebase.googleapis.com/v1beta1/projects 200
[debug] [2025-10-03T15:52:25.344Z] <<< [apiv2][body] GET https://firebase.googleapis.com/v1beta1/projects [omitted]
[info] [Firebase Plugin] Stopping Data Connect toolkit
[warn] ⚠  Data Connect Emulator has exited upon receiving signal: SIGINT 
[debug] [2025-10-03T15:58:32.098Z] [Firebase Plugin] Activating Firebase extension.
[debug] [2025-10-03T15:58:37.821Z] [Firebase Plugin] requireAuthWrapper
[debug] [2025-10-03T15:58:37.823Z] > command requires scopes: ["email","openid","https://www.googleapis.com/auth/cloudplatformprojects.readonly","https://www.googleapis.com/auth/firebase","https://www.googleapis.com/auth/cloud-platform"]
[debug] [2025-10-03T15:58:37.825Z] > authorizing via signed-in user (amaymalviya2@gmail.com)
[debug] [2025-10-03T15:58:37.830Z] Checked if tokens are valid: true, expires at: 1759509682086
[debug] [2025-10-03T15:58:37.830Z] Checked if tokens are valid: true, expires at: 1759509682086
[debug] [2025-10-03T15:58:37.831Z] [Firebase Plugin] User found:  amaymalviya2@gmail.com
[info] [Firebase Plugin] (Core:Project) New user detected, fetching projects
[debug] [2025-10-03T15:58:37.831Z] Checked if tokens are valid: true, expires at: 1759509682086
[debug] [2025-10-03T15:58:37.834Z] >>> [apiv2][query] GET https://firebase.googleapis.com/v1beta1/projects pageSize=1000
[debug] [2025-10-03T15:58:37.844Z] [Firebase Plugin] VSCode notification server listening on port 40001
[info] [Firebase Plugin] Starting Data Connect toolkit (version 2.13.0) on port 50001
[debug] [2025-10-03T15:58:39.479Z] I1003 21:28:39.463335    2577 control.go:94] [/emulator/petconnect f42d] UpdateResources(): done
Schema: sources: schema/schema.gql [2088B] 
Connector "default": sources: connector/mutations.gql [1301B] connector/queries.gql [1947B] 
 {"metadata":{"emulator":{"name":"dataconnect"},"message":"I1003 21:28:39.463335    2577 control.go:94] [/emulator/petconnect f42d] UpdateResources(): done\nSchema: sources: schema/schema.gql [2088B] \nConnector \"default\": sources: connector/mutations.gql [1301B] connector/queries.gql [1947B] \n"}}
[debug] [2025-10-03T15:58:39.480Z] Ignoring unsupported arg: auto_download {"metadata":{"emulator":{"name":"dataconnect"},"message":"Ignoring unsupported arg: auto_download"}}
[debug] [2025-10-03T15:58:39.480Z] Ignoring unsupported arg: port {"metadata":{"emulator":{"name":"dataconnect"},"message":"Ignoring unsupported arg: port"}}
[debug] [2025-10-03T15:58:39.480Z] Starting Data Connect Emulator with command {"binary":"/Users/amaymalviya/.cache/firebase/emulators/dataconnect-emulator-2.13.0","args":["--logtostderr","-v=2","dev","--listen=localhost:50001","--config_dir=/Users/amaymalviya/Documents/Development/MajorPP/pet_connect/dataconnect","--enable_output_schema_extensions=true","--enable_output_generated_sdk=true"],"optionalArgs":["listen","config_dir","enable_output_schema_extensions","enable_output_generated_sdk"],"joinArgs":true,"shell":false,"port":9399} {"metadata":{"emulator":{"name":"dataconnect"},"message":"Starting Data Connect Emulator with command {\"binary\":\"/Users/amaymalviya/.cache/firebase/emulators/dataconnect-emulator-2.13.0\",\"args\":[\"--logtostderr\",\"-v=2\",\"dev\",\"--listen=localhost:50001\",\"--config_dir=/Users/amaymalviya/Documents/Development/MajorPP/pet_connect/dataconnect\",\"--enable_output_schema_extensions=true\",\"--enable_output_generated_sdk=true\"],\"optionalArgs\":[\"listen\",\"config_dir\",\"enable_output_schema_extensions\",\"enable_output_generated_sdk\"],\"joinArgs\":true,\"shell\":false,\"port\":9399}"}}
[info] i  dataconnect: Data Connect Emulator logging to dataconnect-debug.log {"metadata":{"emulator":{"name":"dataconnect"},"message":"Data Connect Emulator logging to dataconnect-debug.log"}}
[debug] [2025-10-03T15:58:40.464Z] I1003 21:28:40.163332    2579 load.go:31] Reloading schema and connectors...
I1003 21:28:40.233504    2579 control.go:94] [/emulator/petconnect c8b8] UpdateResources(): done
Schema: sources: schema/schema.gql [2088B] 
Connector "default": sources: connector/queries.gql [1947B] connector/mutations.gql [1301B] 
I1003 21:28:40.284351    2579 collector.go:107] schema extensions wrote into "/Users/amaymalviya/Documents/Development/MajorPP/pet_connect/dataconnect/.dataconnect/schema"
Generated sources: prelude.gql [73251B] 
I1003 21:28:40.284839    2579 load.go:109] Finished reloading
I1003 21:28:40.301288    2579 dev.go:102] Listening on address (HTTP + gRPC): 127.0.0.1:50001
 {"metadata":{"emulator":{"name":"dataconnect"},"message":"I1003 21:28:40.163332    2579 load.go:31] Reloading schema and connectors...\nI1003 21:28:40.233504    2579 control.go:94] [/emulator/petconnect c8b8] UpdateResources(): done\nSchema: sources: schema/schema.gql [2088B] \nConnector \"default\": sources: connector/queries.gql [1947B] connector/mutations.gql [1301B] \nI1003 21:28:40.284351    2579 collector.go:107] schema extensions wrote into \"/Users/amaymalviya/Documents/Development/MajorPP/pet_connect/dataconnect/.dataconnect/schema\"\nGenerated sources: prelude.gql [73251B] \nI1003 21:28:40.284839    2579 load.go:109] Finished reloading\nI1003 21:28:40.301288    2579 dev.go:102] Listening on address (HTTP + gRPC): 127.0.0.1:50001\n"}}
[debug] [2025-10-03T15:58:40.477Z] <<< [apiv2][status] GET https://firebase.googleapis.com/v1beta1/projects 200
[debug] [2025-10-03T15:58:40.478Z] <<< [apiv2][body] GET https://firebase.googleapis.com/v1beta1/projects [omitted]
[debug] [2025-10-03T15:58:40.699Z] I1003 21:28:40.668959    2579 engine.go:169] [/emulator/petconnect c8b8] ExecuteGraphqlRead IntrospectionQuery: succeeded. 
 {"metadata":{"emulator":{"name":"dataconnect"},"message":"I1003 21:28:40.668959    2579 engine.go:169] [/emulator/petconnect c8b8] ExecuteGraphqlRead IntrospectionQuery: succeeded. \n"}}
[info] [Firebase Plugin] Stopping Data Connect toolkit
[warn] ⚠  Data Connect Emulator has exited upon receiving signal: SIGINT 
[debug] [2025-10-03T16:30:25.812Z] [Firebase Plugin] Activating Firebase extension.
[debug] [2025-10-03T16:30:30.294Z] [Firebase Plugin] requireAuthWrapper
[debug] [2025-10-03T16:30:30.296Z] > command requires scopes: ["email","openid","https://www.googleapis.com/auth/cloudplatformprojects.readonly","https://www.googleapis.com/auth/firebase","https://www.googleapis.com/auth/cloud-platform"]
[debug] [2025-10-03T16:30:30.297Z] > authorizing via signed-in user (amaymalviya2@gmail.com)
[debug] [2025-10-03T16:30:30.301Z] Checked if tokens are valid: false, expires at: 1759509682086
[debug] [2025-10-03T16:30:30.301Z] Checked if tokens are valid: false, expires at: 1759509682086
[debug] [2025-10-03T16:30:30.302Z] > refreshing access token with scopes: []
[debug] [2025-10-03T16:30:30.303Z] >>> [apiv2][query] POST https://www.googleapis.com/oauth2/v3/token [none]
[debug] [2025-10-03T16:30:30.303Z] >>> [apiv2][body] POST https://www.googleapis.com/oauth2/v3/token [omitted]
[debug] [2025-10-03T16:30:30.312Z] [Firebase Plugin] VSCode notification server listening on port 40001
[info] [Firebase Plugin] Starting Data Connect toolkit (version 2.13.0) on port 50001
[debug] [2025-10-03T16:30:34.413Z] I1003 22:00:34.234038    6155 control.go:94] [/emulator/petconnect 0ccb] UpdateResources(): done
Schema: sources: schema/schema.gql [2088B] 
Connector "default": sources: connector/mutations.gql [1301B] connector/queries.gql [1947B] 
 {"metadata":{"emulator":{"name":"dataconnect"},"message":"I1003 22:00:34.234038    6155 control.go:94] [/emulator/petconnect 0ccb] UpdateResources(): done\nSchema: sources: schema/schema.gql [2088B] \nConnector \"default\": sources: connector/mutations.gql [1301B] connector/queries.gql [1947B] \n"}}
[debug] [2025-10-03T16:30:34.414Z] Ignoring unsupported arg: auto_download {"metadata":{"emulator":{"name":"dataconnect"},"message":"Ignoring unsupported arg: auto_download"}}
[debug] [2025-10-03T16:30:34.414Z] Ignoring unsupported arg: port {"metadata":{"emulator":{"name":"dataconnect"},"message":"Ignoring unsupported arg: port"}}
[debug] [2025-10-03T16:30:34.414Z] Starting Data Connect Emulator with command {"binary":"/Users/amaymalviya/.cache/firebase/emulators/dataconnect-emulator-2.13.0","args":["--logtostderr","-v=2","dev","--listen=localhost:50001","--config_dir=/Users/amaymalviya/Documents/Development/MajorPP/pet_connect/dataconnect","--enable_output_schema_extensions=true","--enable_output_generated_sdk=true"],"optionalArgs":["listen","config_dir","enable_output_schema_extensions","enable_output_generated_sdk"],"joinArgs":true,"shell":false,"port":9399} {"metadata":{"emulator":{"name":"dataconnect"},"message":"Starting Data Connect Emulator with command {\"binary\":\"/Users/amaymalviya/.cache/firebase/emulators/dataconnect-emulator-2.13.0\",\"args\":[\"--logtostderr\",\"-v=2\",\"dev\",\"--listen=localhost:50001\",\"--config_dir=/Users/amaymalviya/Documents/Development/MajorPP/pet_connect/dataconnect\",\"--enable_output_schema_extensions=true\",\"--enable_output_generated_sdk=true\"],\"optionalArgs\":[\"listen\",\"config_dir\",\"enable_output_schema_extensions\",\"enable_output_generated_sdk\"],\"joinArgs\":true,\"shell\":false,\"port\":9399}"}}
[info] i  dataconnect: Data Connect Emulator logging to dataconnect-debug.log {"metadata":{"emulator":{"name":"dataconnect"},"message":"Data Connect Emulator logging to dataconnect-debug.log"}}
[debug] [2025-10-03T16:30:35.005Z] I1003 22:00:34.613821    6157 load.go:31] Reloading schema and connectors...
I1003 22:00:34.643879    6157 control.go:94] [/emulator/petconnect a911] UpdateResources(): done
Schema: sources: schema/schema.gql [2088B] 
Connector "default": sources: connector/mutations.gql [1301B] connector/queries.gql [1947B] 
I1003 22:00:34.663840    6157 collector.go:107] schema extensions wrote into "/Users/amaymalviya/Documents/Development/MajorPP/pet_connect/dataconnect/.dataconnect/schema"
Generated sources: prelude.gql [73251B] 
I1003 22:00:34.664438    6157 load.go:109] Finished reloading
I1003 22:00:34.672194    6157 dev.go:102] Listening on address (HTTP + gRPC): 127.0.0.1:50001
 {"metadata":{"emulator":{"name":"dataconnect"},"message":"I1003 22:00:34.613821    6157 load.go:31] Reloading schema and connectors...\nI1003 22:00:34.643879    6157 control.go:94] [/emulator/petconnect a911] UpdateResources(): done\nSchema: sources: schema/schema.gql [2088B] \nConnector \"default\": sources: connector/mutations.gql [1301B] connector/queries.gql [1947B] \nI1003 22:00:34.663840    6157 collector.go:107] schema extensions wrote into \"/Users/amaymalviya/Documents/Development/MajorPP/pet_connect/dataconnect/.dataconnect/schema\"\nGenerated sources: prelude.gql [73251B] \nI1003 22:00:34.664438    6157 load.go:109] Finished reloading\nI1003 22:00:34.672194    6157 dev.go:102] Listening on address (HTTP + gRPC): 127.0.0.1:50001\n"}}
[debug] [2025-10-03T16:30:35.145Z] <<< [apiv2][status] POST https://www.googleapis.com/oauth2/v3/token 200
[debug] [2025-10-03T16:30:35.145Z] <<< [apiv2][body] POST https://www.googleapis.com/oauth2/v3/token [omitted]
[debug] [2025-10-03T16:30:35.158Z] [Firebase Plugin] User found:  amaymalviya2@gmail.com
[info] [Firebase Plugin] (Core:Project) New user detected, fetching projects
[debug] [2025-10-03T16:30:35.159Z] Checked if tokens are valid: true, expires at: 1759512634146
[debug] [2025-10-03T16:30:35.159Z] >>> [apiv2][query] GET https://firebase.googleapis.com/v1beta1/projects pageSize=1000
[debug] [2025-10-03T16:30:35.326Z] I1003 22:00:35.326355    6157 engine.go:169] [/emulator/petconnect a911] ExecuteGraphqlRead IntrospectionQuery: succeeded. 
 {"metadata":{"emulator":{"name":"dataconnect"},"message":"I1003 22:00:35.326355    6157 engine.go:169] [/emulator/petconnect a911] ExecuteGraphqlRead IntrospectionQuery: succeeded. \n"}}
[debug] [2025-10-03T16:30:37.012Z] <<< [apiv2][status] GET https://firebase.googleapis.com/v1beta1/projects 200
[debug] [2025-10-03T16:30:37.012Z] <<< [apiv2][body] GET https://firebase.googleapis.com/v1beta1/projects [omitted]
[info] [Firebase Plugin] Stopping Data Connect toolkit
[warn] ⚠  Data Connect Emulator has exited upon receiving signal: SIGINT 
[debug] [2025-10-03T18:28:22.866Z] [Firebase Plugin] Activating Firebase extension.
[debug] [2025-10-03T18:28:27.098Z] [Firebase Plugin] requireAuthWrapper
[debug] [2025-10-03T18:28:27.100Z] > command requires scopes: ["email","openid","https://www.googleapis.com/auth/cloudplatformprojects.readonly","https://www.googleapis.com/auth/firebase","https://www.googleapis.com/auth/cloud-platform"]
[debug] [2025-10-03T18:28:27.100Z] > authorizing via signed-in user (amaymalviya2@gmail.com)
[debug] [2025-10-03T18:28:27.103Z] Checked if tokens are valid: false, expires at: 1759512634146
[debug] [2025-10-03T18:28:27.104Z] Checked if tokens are valid: false, expires at: 1759512634146
[debug] [2025-10-03T18:28:27.104Z] > refreshing access token with scopes: []
[debug] [2025-10-03T18:28:27.105Z] >>> [apiv2][query] POST https://www.googleapis.com/oauth2/v3/token [none]
[debug] [2025-10-03T18:28:27.105Z] >>> [apiv2][body] POST https://www.googleapis.com/oauth2/v3/token [omitted]
[debug] [2025-10-03T18:28:27.112Z] [Firebase Plugin] VSCode notification server listening on port 40001
[info] [Firebase Plugin] Starting Data Connect toolkit (version 2.13.0) on port 50001
[debug] [2025-10-03T18:28:30.591Z] I1003 23:58:30.572882   14310 control.go:94] [/emulator/petconnect 2b0d] UpdateResources(): done
Schema: sources: schema/schema.gql [2088B] 
Connector "default": sources: connector/mutations.gql [1301B] connector/queries.gql [1947B] 
 {"metadata":{"emulator":{"name":"dataconnect"},"message":"I1003 23:58:30.572882   14310 control.go:94] [/emulator/petconnect 2b0d] UpdateResources(): done\nSchema: sources: schema/schema.gql [2088B] \nConnector \"default\": sources: connector/mutations.gql [1301B] connector/queries.gql [1947B] \n"}}
[debug] [2025-10-03T18:28:30.593Z] Ignoring unsupported arg: auto_download {"metadata":{"emulator":{"name":"dataconnect"},"message":"Ignoring unsupported arg: auto_download"}}
[debug] [2025-10-03T18:28:30.593Z] Ignoring unsupported arg: port {"metadata":{"emulator":{"name":"dataconnect"},"message":"Ignoring unsupported arg: port"}}
[debug] [2025-10-03T18:28:30.593Z] Starting Data Connect Emulator with command {"binary":"/Users/amaymalviya/.cache/firebase/emulators/dataconnect-emulator-2.13.0","args":["--logtostderr","-v=2","dev","--listen=localhost:50001","--config_dir=/Users/amaymalviya/Documents/Development/MajorPP/pet_connect/dataconnect","--enable_output_schema_extensions=true","--enable_output_generated_sdk=true"],"optionalArgs":["listen","config_dir","enable_output_schema_extensions","enable_output_generated_sdk"],"joinArgs":true,"shell":false,"port":9399} {"metadata":{"emulator":{"name":"dataconnect"},"message":"Starting Data Connect Emulator with command {\"binary\":\"/Users/amaymalviya/.cache/firebase/emulators/dataconnect-emulator-2.13.0\",\"args\":[\"--logtostderr\",\"-v=2\",\"dev\",\"--listen=localhost:50001\",\"--config_dir=/Users/amaymalviya/Documents/Development/MajorPP/pet_connect/dataconnect\",\"--enable_output_schema_extensions=true\",\"--enable_output_generated_sdk=true\"],\"optionalArgs\":[\"listen\",\"config_dir\",\"enable_output_schema_extensions\",\"enable_output_generated_sdk\"],\"joinArgs\":true,\"shell\":false,\"port\":9399}"}}
[info] i  dataconnect: Data Connect Emulator logging to dataconnect-debug.log {"metadata":{"emulator":{"name":"dataconnect"},"message":"Data Connect Emulator logging to dataconnect-debug.log"}}
[debug] [2025-10-03T18:28:30.618Z] <<< [apiv2][status] POST https://www.googleapis.com/oauth2/v3/token 200
[debug] [2025-10-03T18:28:30.618Z] <<< [apiv2][body] POST https://www.googleapis.com/oauth2/v3/token [omitted]
[debug] [2025-10-03T18:28:30.665Z] [Firebase Plugin] User found:  amaymalviya2@gmail.com
[info] [Firebase Plugin] (Core:Project) New user detected, fetching projects
[debug] [2025-10-03T18:28:30.665Z] Checked if tokens are valid: true, expires at: 1759519709618
[debug] [2025-10-03T18:28:30.665Z] >>> [apiv2][query] GET https://firebase.googleapis.com/v1beta1/projects pageSize=1000
[debug] [2025-10-03T18:28:31.175Z] I1003 23:58:31.169762   14318 load.go:31] Reloading schema and connectors...
 {"metadata":{"emulator":{"name":"dataconnect"},"message":"I1003 23:58:31.169762   14318 load.go:31] Reloading schema and connectors...\n"}}
[debug] [2025-10-03T18:28:31.231Z] I1003 23:58:31.231493   14318 control.go:94] [/emulator/petconnect 4c5e] UpdateResources(): done
Schema: sources: schema/schema.gql [2088B] 
Connector "default": sources: connector/queries.gql [1947B] connector/mutations.gql [1301B] 
 {"metadata":{"emulator":{"name":"dataconnect"},"message":"I1003 23:58:31.231493   14318 control.go:94] [/emulator/petconnect 4c5e] UpdateResources(): done\nSchema: sources: schema/schema.gql [2088B] \nConnector \"default\": sources: connector/queries.gql [1947B] connector/mutations.gql [1301B] \n"}}
[debug] [2025-10-03T18:28:31.270Z] I1003 23:58:31.269673   14318 collector.go:107] schema extensions wrote into "/Users/amaymalviya/Documents/Development/MajorPP/pet_connect/dataconnect/.dataconnect/schema"
Generated sources: prelude.gql [73251B] 
 {"metadata":{"emulator":{"name":"dataconnect"},"message":"I1003 23:58:31.269673   14318 collector.go:107] schema extensions wrote into \"/Users/amaymalviya/Documents/Development/MajorPP/pet_connect/dataconnect/.dataconnect/schema\"\nGenerated sources: prelude.gql [73251B] \n"}}
[debug] [2025-10-03T18:28:31.270Z] I1003 23:58:31.270080   14318 load.go:109] Finished reloading
 {"metadata":{"emulator":{"name":"dataconnect"},"message":"I1003 23:58:31.270080   14318 load.go:109] Finished reloading\n"}}
[debug] [2025-10-03T18:28:31.292Z] I1003 23:58:31.290442   14318 dev.go:102] Listening on address (HTTP + gRPC): 127.0.0.1:50001
 {"metadata":{"emulator":{"name":"dataconnect"},"message":"I1003 23:58:31.290442   14318 dev.go:102] Listening on address (HTTP + gRPC): 127.0.0.1:50001\n"}}
[debug] [2025-10-03T18:28:31.460Z] <<< [apiv2][status] GET https://firebase.googleapis.com/v1beta1/projects 200
[debug] [2025-10-03T18:28:31.460Z] <<< [apiv2][body] GET https://firebase.googleapis.com/v1beta1/projects [omitted]
[debug] [2025-10-03T18:28:31.559Z] I1003 23:58:31.558893   14318 engine.go:169] [/emulator/petconnect 4c5e] ExecuteGraphqlRead IntrospectionQuery: succeeded. 
 {"metadata":{"emulator":{"name":"dataconnect"},"message":"I1003 23:58:31.558893   14318 engine.go:169] [/emulator/petconnect 4c5e] ExecuteGraphqlRead IntrospectionQuery: succeeded. \n"}}
[info] [Firebase Plugin] Stopping Data Connect toolkit
[warn] ⚠  Data Connect Emulator has exited upon receiving signal: SIGINT 
[debug] [2025-10-03T18:33:21.035Z] [Firebase Plugin] Activating Firebase extension.
[debug] [2025-10-03T18:33:23.980Z] [Firebase Plugin] requireAuthWrapper
[debug] [2025-10-03T18:33:23.981Z] > command requires scopes: ["email","openid","https://www.googleapis.com/auth/cloudplatformprojects.readonly","https://www.googleapis.com/auth/firebase","https://www.googleapis.com/auth/cloud-platform"]
[debug] [2025-10-03T18:33:23.981Z] > authorizing via signed-in user (amaymalviya2@gmail.com)
[debug] [2025-10-03T18:33:23.983Z] Checked if tokens are valid: true, expires at: 1759519709618
[debug] [2025-10-03T18:33:23.983Z] Checked if tokens are valid: true, expires at: 1759519709618
[debug] [2025-10-03T18:33:23.983Z] [Firebase Plugin] User found:  amaymalviya2@gmail.com
[info] [Firebase Plugin] (Core:Project) New user detected, fetching projects
[debug] [2025-10-03T18:33:23.984Z] Checked if tokens are valid: true, expires at: 1759519709618
[debug] [2025-10-03T18:33:23.984Z] >>> [apiv2][query] GET https://firebase.googleapis.com/v1beta1/projects pageSize=1000
[debug] [2025-10-03T18:33:23.988Z] [Firebase Plugin] VSCode notification server listening on port 40001
[info] [Firebase Plugin] Starting Data Connect toolkit (version 2.13.0) on port 50001
[debug] [2025-10-03T18:33:25.637Z] I1004 00:03:25.622512   16409 control.go:94] [/emulator/petconnect baf6] UpdateResources(): done
Schema: sources: schema/schema.gql [2088B] 
Connector "default": sources: connector/mutations.gql [1301B] connector/queries.gql [1947B] 
 {"metadata":{"emulator":{"name":"dataconnect"},"message":"I1004 00:03:25.622512   16409 control.go:94] [/emulator/petconnect baf6] UpdateResources(): done\nSchema: sources: schema/schema.gql [2088B] \nConnector \"default\": sources: connector/mutations.gql [1301B] connector/queries.gql [1947B] \n"}}
[debug] [2025-10-03T18:33:25.637Z] Ignoring unsupported arg: auto_download {"metadata":{"emulator":{"name":"dataconnect"},"message":"Ignoring unsupported arg: auto_download"}}
[debug] [2025-10-03T18:33:25.638Z] Ignoring unsupported arg: port {"metadata":{"emulator":{"name":"dataconnect"},"message":"Ignoring unsupported arg: port"}}
[debug] [2025-10-03T18:33:25.655Z] Starting Data Connect Emulator with command {"binary":"/Users/amaymalviya/.cache/firebase/emulators/dataconnect-emulator-2.13.0","args":["--logtostderr","-v=2","dev","--listen=localhost:50001","--config_dir=/Users/amaymalviya/Documents/Development/MajorPP/pet_connect/dataconnect","--enable_output_schema_extensions=true","--enable_output_generated_sdk=true"],"optionalArgs":["listen","config_dir","enable_output_schema_extensions","enable_output_generated_sdk"],"joinArgs":true,"shell":false,"port":9399} {"metadata":{"emulator":{"name":"dataconnect"},"message":"Starting Data Connect Emulator with command {\"binary\":\"/Users/amaymalviya/.cache/firebase/emulators/dataconnect-emulator-2.13.0\",\"args\":[\"--logtostderr\",\"-v=2\",\"dev\",\"--listen=localhost:50001\",\"--config_dir=/Users/amaymalviya/Documents/Development/MajorPP/pet_connect/dataconnect\",\"--enable_output_schema_extensions=true\",\"--enable_output_generated_sdk=true\"],\"optionalArgs\":[\"listen\",\"config_dir\",\"enable_output_schema_extensions\",\"enable_output_generated_sdk\"],\"joinArgs\":true,\"shell\":false,\"port\":9399}"}}
[info] i  dataconnect: Data Connect Emulator logging to dataconnect-debug.log {"metadata":{"emulator":{"name":"dataconnect"},"message":"Data Connect Emulator logging to dataconnect-debug.log"}}
[debug] [2025-10-03T18:33:25.884Z] I1004 00:03:25.882744   16412 load.go:31] Reloading schema and connectors...
 {"metadata":{"emulator":{"name":"dataconnect"},"message":"I1004 00:03:25.882744   16412 load.go:31] Reloading schema and connectors...\n"}}
[debug] [2025-10-03T18:33:25.914Z] I1004 00:03:25.914272   16412 control.go:94] [/emulator/petconnect be41] UpdateResources(): done
Schema: sources: schema/schema.gql [2088B] 
Connector "default": sources: connector/mutations.gql [1301B] connector/queries.gql [1947B] 
 {"metadata":{"emulator":{"name":"dataconnect"},"message":"I1004 00:03:25.914272   16412 control.go:94] [/emulator/petconnect be41] UpdateResources(): done\nSchema: sources: schema/schema.gql [2088B] \nConnector \"default\": sources: connector/mutations.gql [1301B] connector/queries.gql [1947B] \n"}}
[debug] [2025-10-03T18:33:25.935Z] I1004 00:03:25.934408   16412 collector.go:107] schema extensions wrote into "/Users/amaymalviya/Documents/Development/MajorPP/pet_connect/dataconnect/.dataconnect/schema"
Generated sources: prelude.gql [73251B] 
 {"metadata":{"emulator":{"name":"dataconnect"},"message":"I1004 00:03:25.934408   16412 collector.go:107] schema extensions wrote into \"/Users/amaymalviya/Documents/Development/MajorPP/pet_connect/dataconnect/.dataconnect/schema\"\nGenerated sources: prelude.gql [73251B] \n"}}
[debug] [2025-10-03T18:33:25.935Z] I1004 00:03:25.935156   16412 load.go:109] Finished reloading
 {"metadata":{"emulator":{"name":"dataconnect"},"message":"I1004 00:03:25.935156   16412 load.go:109] Finished reloading\n"}}
[debug] [2025-10-03T18:33:25.944Z] I1004 00:03:25.944370   16412 dev.go:102] Listening on address (HTTP + gRPC): 127.0.0.1:50001
 {"metadata":{"emulator":{"name":"dataconnect"},"message":"I1004 00:03:25.944370   16412 dev.go:102] Listening on address (HTTP + gRPC): 127.0.0.1:50001\n"}}
[debug] [2025-10-03T18:33:26.268Z] I1004 00:03:26.267983   16412 engine.go:169] [/emulator/petconnect be41] ExecuteGraphqlRead IntrospectionQuery: succeeded. 
 {"metadata":{"emulator":{"name":"dataconnect"},"message":"I1004 00:03:26.267983   16412 engine.go:169] [/emulator/petconnect be41] ExecuteGraphqlRead IntrospectionQuery: succeeded. \n"}}
[debug] [2025-10-03T18:33:26.278Z] <<< [apiv2][status] GET https://firebase.googleapis.com/v1beta1/projects 200
[debug] [2025-10-03T18:33:26.278Z] <<< [apiv2][body] GET https://firebase.googleapis.com/v1beta1/projects [omitted]
[info] [Firebase Plugin] Stopping Data Connect toolkit
[warn] ⚠  Data Connect Emulator has exited upon receiving signal: SIGINT 
[debug] [2025-10-03T18:41:25.457Z] [Firebase Plugin] Activating Firebase extension.
[info] [Firebase Plugin] Checked firebase-tools, is up to date!
[debug] [2025-10-03T18:41:29.044Z] [Firebase Plugin] requireAuthWrapper
[debug] [2025-10-03T18:41:29.045Z] > command requires scopes: ["email","openid","https://www.googleapis.com/auth/cloudplatformprojects.readonly","https://www.googleapis.com/auth/firebase","https://www.googleapis.com/auth/cloud-platform"]
[debug] [2025-10-03T18:41:29.046Z] > authorizing via signed-in user (amaymalviya2@gmail.com)
[debug] [2025-10-03T18:41:29.049Z] Checked if tokens are valid: true, expires at: 1759519709618
[debug] [2025-10-03T18:41:29.049Z] Checked if tokens are valid: true, expires at: 1759519709618
[debug] [2025-10-03T18:41:29.049Z] [Firebase Plugin] User found:  amaymalviya2@gmail.com
[info] [Firebase Plugin] (Core:Project) New user detected, fetching projects
[debug] [2025-10-03T18:41:29.050Z] Checked if tokens are valid: true, expires at: 1759519709618
[debug] [2025-10-03T18:41:29.051Z] >>> [apiv2][query] GET https://firebase.googleapis.com/v1beta1/projects pageSize=1000
[debug] [2025-10-03T18:41:29.058Z] [Firebase Plugin] VSCode notification server listening on port 40001
[info] [Firebase Plugin] Starting Data Connect toolkit (version 2.13.0) on port 50001
[debug] [2025-10-03T18:41:32.484Z] I1004 00:11:32.467609   19226 control.go:94] [/emulator/petconnect b4f3] UpdateResources(): done
Schema: sources: schema/schema.gql [2088B] 
Connector "default": sources: connector/mutations.gql [1301B] connector/queries.gql [1947B] 
 {"metadata":{"emulator":{"name":"dataconnect"},"message":"I1004 00:11:32.467609   19226 control.go:94] [/emulator/petconnect b4f3] UpdateResources(): done\nSchema: sources: schema/schema.gql [2088B] \nConnector \"default\": sources: connector/mutations.gql [1301B] connector/queries.gql [1947B] \n"}}
[debug] [2025-10-03T18:41:32.485Z] Ignoring unsupported arg: auto_download {"metadata":{"emulator":{"name":"dataconnect"},"message":"Ignoring unsupported arg: auto_download"}}
[debug] [2025-10-03T18:41:32.485Z] Ignoring unsupported arg: port {"metadata":{"emulator":{"name":"dataconnect"},"message":"Ignoring unsupported arg: port"}}
[debug] [2025-10-03T18:41:32.485Z] Starting Data Connect Emulator with command {"binary":"/Users/amaymalviya/.cache/firebase/emulators/dataconnect-emulator-2.13.0","args":["--logtostderr","-v=2","dev","--listen=localhost:50001","--config_dir=/Users/amaymalviya/Documents/Development/MajorPP/pet_connect/dataconnect","--enable_output_schema_extensions=true","--enable_output_generated_sdk=true"],"optionalArgs":["listen","config_dir","enable_output_schema_extensions","enable_output_generated_sdk"],"joinArgs":true,"shell":false,"port":9399} {"metadata":{"emulator":{"name":"dataconnect"},"message":"Starting Data Connect Emulator with command {\"binary\":\"/Users/amaymalviya/.cache/firebase/emulators/dataconnect-emulator-2.13.0\",\"args\":[\"--logtostderr\",\"-v=2\",\"dev\",\"--listen=localhost:50001\",\"--config_dir=/Users/amaymalviya/Documents/Development/MajorPP/pet_connect/dataconnect\",\"--enable_output_schema_extensions=true\",\"--enable_output_generated_sdk=true\"],\"optionalArgs\":[\"listen\",\"config_dir\",\"enable_output_schema_extensions\",\"enable_output_generated_sdk\"],\"joinArgs\":true,\"shell\":false,\"port\":9399}"}}
[info] i  dataconnect: Data Connect Emulator logging to dataconnect-debug.log {"metadata":{"emulator":{"name":"dataconnect"},"message":"Data Connect Emulator logging to dataconnect-debug.log"}}
[debug] [2025-10-03T18:41:32.765Z] I1004 00:11:32.762405   19228 load.go:31] Reloading schema and connectors...
 {"metadata":{"emulator":{"name":"dataconnect"},"message":"I1004 00:11:32.762405   19228 load.go:31] Reloading schema and connectors...\n"}}
[debug] [2025-10-03T18:41:32.796Z] I1004 00:11:32.796201   19228 control.go:94] [/emulator/petconnect 427e] UpdateResources(): done
Schema: sources: schema/schema.gql [2088B] 
Connector "default": sources: connector/mutations.gql [1301B] connector/queries.gql [1947B] 
 {"metadata":{"emulator":{"name":"dataconnect"},"message":"I1004 00:11:32.796201   19228 control.go:94] [/emulator/petconnect 427e] UpdateResources(): done\nSchema: sources: schema/schema.gql [2088B] \nConnector \"default\": sources: connector/mutations.gql [1301B] connector/queries.gql [1947B] \n"}}
[debug] [2025-10-03T18:41:32.821Z] I1004 00:11:32.820731   19228 collector.go:107] schema extensions wrote into "/Users/amaymalviya/Documents/Development/MajorPP/pet_connect/dataconnect/.dataconnect/schema"
Generated sources: prelude.gql [73251B] 
 {"metadata":{"emulator":{"name":"dataconnect"},"message":"I1004 00:11:32.820731   19228 collector.go:107] schema extensions wrote into \"/Users/amaymalviya/Documents/Development/MajorPP/pet_connect/dataconnect/.dataconnect/schema\"\nGenerated sources: prelude.gql [73251B] \n"}}
[debug] [2025-10-03T18:41:32.822Z] I1004 00:11:32.821898   19228 load.go:109] Finished reloading
 {"metadata":{"emulator":{"name":"dataconnect"},"message":"I1004 00:11:32.821898   19228 load.go:109] Finished reloading\n"}}
[debug] [2025-10-03T18:41:32.830Z] I1004 00:11:32.829479   19228 dev.go:102] Listening on address (HTTP + gRPC): 127.0.0.1:50001
 {"metadata":{"emulator":{"name":"dataconnect"},"message":"I1004 00:11:32.829479   19228 dev.go:102] Listening on address (HTTP + gRPC): 127.0.0.1:50001\n"}}
[debug] [2025-10-03T18:41:33.084Z] I1004 00:11:33.084290   19228 engine.go:169] [/emulator/petconnect 427e] ExecuteGraphqlRead IntrospectionQuery: succeeded. 
 {"metadata":{"emulator":{"name":"dataconnect"},"message":"I1004 00:11:33.084290   19228 engine.go:169] [/emulator/petconnect 427e] ExecuteGraphqlRead IntrospectionQuery: succeeded. \n"}}
[debug] [2025-10-03T18:41:33.122Z] <<< [apiv2][status] GET https://firebase.googleapis.com/v1beta1/projects 200
[debug] [2025-10-03T18:41:33.122Z] <<< [apiv2][body] GET https://firebase.googleapis.com/v1beta1/projects [omitted]
[info] [Firebase Plugin] Stopping Data Connect toolkit
[warn] ⚠  Data Connect Emulator has exited upon receiving signal: SIGINT 
[debug] [2025-10-03T19:07:28.698Z] [Firebase Plugin] Activating Firebase extension.
[info] [Firebase Plugin] Checked firebase-tools, is up to date!
[debug] [2025-10-03T19:07:31.714Z] [Firebase Plugin] requireAuthWrapper
[debug] [2025-10-03T19:07:31.715Z] > command requires scopes: ["email","openid","https://www.googleapis.com/auth/cloudplatformprojects.readonly","https://www.googleapis.com/auth/firebase","https://www.googleapis.com/auth/cloud-platform"]
[debug] [2025-10-03T19:07:31.715Z] > authorizing via signed-in user (amaymalviya2@gmail.com)
[debug] [2025-10-03T19:07:31.716Z] Checked if tokens are valid: true, expires at: 1759519709618
[debug] [2025-10-03T19:07:31.717Z] Checked if tokens are valid: true, expires at: 1759519709618
[debug] [2025-10-03T19:07:31.717Z] [Firebase Plugin] User found:  amaymalviya2@gmail.com
[info] [Firebase Plugin] (Core:Project) New user detected, fetching projects
[debug] [2025-10-03T19:07:31.717Z] Checked if tokens are valid: true, expires at: 1759519709618
[debug] [2025-10-03T19:07:31.718Z] >>> [apiv2][query] GET https://firebase.googleapis.com/v1beta1/projects pageSize=1000
[debug] [2025-10-03T19:07:31.721Z] [Firebase Plugin] VSCode notification server listening on port 40001
[info] [Firebase Plugin] Starting Data Connect toolkit (version 2.13.0) on port 50001
[debug] [2025-10-03T19:07:33.136Z] I1004 00:37:33.121725   23497 control.go:94] [/emulator/petconnect de30] UpdateResources(): done
Schema: sources: schema/schema.gql [2088B] 
Connector "default": sources: connector/queries.gql [1947B] connector/mutations.gql [1301B] 
 {"metadata":{"emulator":{"name":"dataconnect"},"message":"I1004 00:37:33.121725   23497 control.go:94] [/emulator/petconnect de30] UpdateResources(): done\nSchema: sources: schema/schema.gql [2088B] \nConnector \"default\": sources: connector/queries.gql [1947B] connector/mutations.gql [1301B] \n"}}
[debug] [2025-10-03T19:07:33.137Z] Ignoring unsupported arg: auto_download {"metadata":{"emulator":{"name":"dataconnect"},"message":"Ignoring unsupported arg: auto_download"}}
[debug] [2025-10-03T19:07:33.137Z] Ignoring unsupported arg: port {"metadata":{"emulator":{"name":"dataconnect"},"message":"Ignoring unsupported arg: port"}}
[debug] [2025-10-03T19:07:33.137Z] Starting Data Connect Emulator with command {"binary":"/Users/amaymalviya/.cache/firebase/emulators/dataconnect-emulator-2.13.0","args":["--logtostderr","-v=2","dev","--listen=localhost:50001","--config_dir=/Users/amaymalviya/Documents/Development/MajorPP/pet_connect/dataconnect","--enable_output_schema_extensions=true","--enable_output_generated_sdk=true"],"optionalArgs":["listen","config_dir","enable_output_schema_extensions","enable_output_generated_sdk"],"joinArgs":true,"shell":false,"port":9399} {"metadata":{"emulator":{"name":"dataconnect"},"message":"Starting Data Connect Emulator with command {\"binary\":\"/Users/amaymalviya/.cache/firebase/emulators/dataconnect-emulator-2.13.0\",\"args\":[\"--logtostderr\",\"-v=2\",\"dev\",\"--listen=localhost:50001\",\"--config_dir=/Users/amaymalviya/Documents/Development/MajorPP/pet_connect/dataconnect\",\"--enable_output_schema_extensions=true\",\"--enable_output_generated_sdk=true\"],\"optionalArgs\":[\"listen\",\"config_dir\",\"enable_output_schema_extensions\",\"enable_output_generated_sdk\"],\"joinArgs\":true,\"shell\":false,\"port\":9399}"}}
[info] i  dataconnect: Data Connect Emulator logging to dataconnect-debug.log {"metadata":{"emulator":{"name":"dataconnect"},"message":"Data Connect Emulator logging to dataconnect-debug.log"}}
[debug] [2025-10-03T19:07:33.503Z] I1004 00:37:33.501391   23499 load.go:31] Reloading schema and connectors...
 {"metadata":{"emulator":{"name":"dataconnect"},"message":"I1004 00:37:33.501391   23499 load.go:31] Reloading schema and connectors...\n"}}
[debug] [2025-10-03T19:07:33.540Z] I1004 00:37:33.539647   23499 control.go:94] [/emulator/petconnect afdb] UpdateResources(): done
Schema: sources: schema/schema.gql [2088B] 
Connector "default": sources: connector/mutations.gql [1301B] connector/queries.gql [1947B] 
 {"metadata":{"emulator":{"name":"dataconnect"},"message":"I1004 00:37:33.539647   23499 control.go:94] [/emulator/petconnect afdb] UpdateResources(): done\nSchema: sources: schema/schema.gql [2088B] \nConnector \"default\": sources: connector/mutations.gql [1301B] connector/queries.gql [1947B] \n"}}
[debug] [2025-10-03T19:07:33.572Z] I1004 00:37:33.571452   23499 collector.go:107] schema extensions wrote into "/Users/amaymalviya/Documents/Development/MajorPP/pet_connect/dataconnect/.dataconnect/schema"
Generated sources: prelude.gql [73251B] 
 {"metadata":{"emulator":{"name":"dataconnect"},"message":"I1004 00:37:33.571452   23499 collector.go:107] schema extensions wrote into \"/Users/amaymalviya/Documents/Development/MajorPP/pet_connect/dataconnect/.dataconnect/schema\"\nGenerated sources: prelude.gql [73251B] \n"}}
[debug] [2025-10-03T19:07:33.572Z] I1004 00:37:33.572154   23499 load.go:109] Finished reloading
 {"metadata":{"emulator":{"name":"dataconnect"},"message":"I1004 00:37:33.572154   23499 load.go:109] Finished reloading\n"}}
[debug] [2025-10-03T19:07:33.584Z] I1004 00:37:33.584082   23499 dev.go:102] Listening on address (HTTP + gRPC): 127.0.0.1:50001
 {"metadata":{"emulator":{"name":"dataconnect"},"message":"I1004 00:37:33.584082   23499 dev.go:102] Listening on address (HTTP + gRPC): 127.0.0.1:50001\n"}}
[debug] [2025-10-03T19:07:33.739Z] I1004 00:37:33.739370   23499 engine.go:169] [/emulator/petconnect afdb] ExecuteGraphqlRead IntrospectionQuery: succeeded. 
 {"metadata":{"emulator":{"name":"dataconnect"},"message":"I1004 00:37:33.739370   23499 engine.go:169] [/emulator/petconnect afdb] ExecuteGraphqlRead IntrospectionQuery: succeeded. \n"}}
[debug] [2025-10-03T19:07:34.139Z] <<< [apiv2][status] GET https://firebase.googleapis.com/v1beta1/projects 200
[debug] [2025-10-03T19:07:34.139Z] <<< [apiv2][body] GET https://firebase.googleapis.com/v1beta1/projects [omitted]
[info] [Firebase Plugin] Stopping Data Connect toolkit
[warn] ⚠  Data Connect Emulator has exited upon receiving signal: SIGINT 
[debug] [2025-10-04T08:05:06.999Z] [Firebase Plugin] Activating Firebase extension.
[info] [Firebase Plugin] Checked firebase-tools, is up to date!
[debug] [2025-10-04T08:05:10.337Z] [Firebase Plugin] requireAuthWrapper
[debug] [2025-10-04T08:05:10.338Z] > command requires scopes: ["email","openid","https://www.googleapis.com/auth/cloudplatformprojects.readonly","https://www.googleapis.com/auth/firebase","https://www.googleapis.com/auth/cloud-platform"]
[debug] [2025-10-04T08:05:10.338Z] > authorizing via signed-in user (amaymalviya2@gmail.com)
[debug] [2025-10-04T08:05:10.340Z] Checked if tokens are valid: false, expires at: 1759519709618
[debug] [2025-10-04T08:05:10.340Z] Checked if tokens are valid: false, expires at: 1759519709618
[debug] [2025-10-04T08:05:10.340Z] > refreshing access token with scopes: []
[debug] [2025-10-04T08:05:10.342Z] >>> [apiv2][query] POST https://www.googleapis.com/oauth2/v3/token [none]
[debug] [2025-10-04T08:05:10.342Z] >>> [apiv2][body] POST https://www.googleapis.com/oauth2/v3/token [omitted]
[debug] [2025-10-04T08:05:10.346Z] [Firebase Plugin] VSCode notification server listening on port 40001
[info] [Firebase Plugin] Starting Data Connect toolkit (version 2.13.0) on port 50001
[debug] [2025-10-04T08:05:11.877Z] I1004 13:35:11.863788   34358 control.go:94] [/emulator/petconnect f5c8] UpdateResources(): done
Schema: sources: schema/schema.gql [2088B] 
Connector "default": sources: connector/mutations.gql [1301B] connector/queries.gql [1947B] 
 {"metadata":{"emulator":{"name":"dataconnect"},"message":"I1004 13:35:11.863788   34358 control.go:94] [/emulator/petconnect f5c8] UpdateResources(): done\nSchema: sources: schema/schema.gql [2088B] \nConnector \"default\": sources: connector/mutations.gql [1301B] connector/queries.gql [1947B] \n"}}
[debug] [2025-10-04T08:05:11.878Z] Ignoring unsupported arg: auto_download {"metadata":{"emulator":{"name":"dataconnect"},"message":"Ignoring unsupported arg: auto_download"}}
[debug] [2025-10-04T08:05:11.878Z] Ignoring unsupported arg: port {"metadata":{"emulator":{"name":"dataconnect"},"message":"Ignoring unsupported arg: port"}}
[debug] [2025-10-04T08:05:11.878Z] Starting Data Connect Emulator with command {"binary":"/Users/amaymalviya/.cache/firebase/emulators/dataconnect-emulator-2.13.0","args":["--logtostderr","-v=2","dev","--listen=localhost:50001","--config_dir=/Users/amaymalviya/Documents/Development/MajorPP/pet_connect/dataconnect","--enable_output_schema_extensions=true","--enable_output_generated_sdk=true"],"optionalArgs":["listen","config_dir","enable_output_schema_extensions","enable_output_generated_sdk"],"joinArgs":true,"shell":false,"port":9399} {"metadata":{"emulator":{"name":"dataconnect"},"message":"Starting Data Connect Emulator with command {\"binary\":\"/Users/amaymalviya/.cache/firebase/emulators/dataconnect-emulator-2.13.0\",\"args\":[\"--logtostderr\",\"-v=2\",\"dev\",\"--listen=localhost:50001\",\"--config_dir=/Users/amaymalviya/Documents/Development/MajorPP/pet_connect/dataconnect\",\"--enable_output_schema_extensions=true\",\"--enable_output_generated_sdk=true\"],\"optionalArgs\":[\"listen\",\"config_dir\",\"enable_output_schema_extensions\",\"enable_output_generated_sdk\"],\"joinArgs\":true,\"shell\":false,\"port\":9399}"}}
[info] i  dataconnect: Data Connect Emulator logging to dataconnect-debug.log {"metadata":{"emulator":{"name":"dataconnect"},"message":"Data Connect Emulator logging to dataconnect-debug.log"}}
[debug] [2025-10-04T08:05:12.109Z] <<< [apiv2][status] POST https://www.googleapis.com/oauth2/v3/token 200
[debug] [2025-10-04T08:05:12.109Z] <<< [apiv2][body] POST https://www.googleapis.com/oauth2/v3/token [omitted]
[debug] [2025-10-04T08:05:12.121Z] [Firebase Plugin] User found:  amaymalviya2@gmail.com
[info] [Firebase Plugin] (Core:Project) New user detected, fetching projects
[debug] [2025-10-04T08:05:12.122Z] Checked if tokens are valid: true, expires at: 1759568711110
[debug] [2025-10-04T08:05:12.123Z] >>> [apiv2][query] GET https://firebase.googleapis.com/v1beta1/projects pageSize=1000
[debug] [2025-10-04T08:05:12.160Z] I1004 13:35:12.156162   34364 load.go:31] Reloading schema and connectors...
 {"metadata":{"emulator":{"name":"dataconnect"},"message":"I1004 13:35:12.156162   34364 load.go:31] Reloading schema and connectors...\n"}}
[debug] [2025-10-04T08:05:12.205Z] I1004 13:35:12.205729   34364 control.go:94] [/emulator/petconnect 9598] UpdateResources(): done
Schema: sources: schema/schema.gql [2088B] 
Connector "default": sources: connector/mutations.gql [1301B] connector/queries.gql [1947B] 
 {"metadata":{"emulator":{"name":"dataconnect"},"message":"I1004 13:35:12.205729   34364 control.go:94] [/emulator/petconnect 9598] UpdateResources(): done\nSchema: sources: schema/schema.gql [2088B] \nConnector \"default\": sources: connector/mutations.gql [1301B] connector/queries.gql [1947B] \n"}}
[debug] [2025-10-04T08:05:12.247Z] I1004 13:35:12.246689   34364 collector.go:107] schema extensions wrote into "/Users/amaymalviya/Documents/Development/MajorPP/pet_connect/dataconnect/.dataconnect/schema"
Generated sources: prelude.gql [73251B] 
 {"metadata":{"emulator":{"name":"dataconnect"},"message":"I1004 13:35:12.246689   34364 collector.go:107] schema extensions wrote into \"/Users/amaymalviya/Documents/Development/MajorPP/pet_connect/dataconnect/.dataconnect/schema\"\nGenerated sources: prelude.gql [73251B] \n"}}
[debug] [2025-10-04T08:05:12.247Z] I1004 13:35:12.247262   34364 load.go:109] Finished reloading
 {"metadata":{"emulator":{"name":"dataconnect"},"message":"I1004 13:35:12.247262   34364 load.go:109] Finished reloading\n"}}
[debug] [2025-10-04T08:05:12.281Z] I1004 13:35:12.258438   34364 dev.go:102] Listening on address (HTTP + gRPC): 127.0.0.1:50001
 {"metadata":{"emulator":{"name":"dataconnect"},"message":"I1004 13:35:12.258438   34364 dev.go:102] Listening on address (HTTP + gRPC): 127.0.0.1:50001\n"}}
[debug] [2025-10-04T08:05:12.470Z] I1004 13:35:12.470318   34364 engine.go:169] [/emulator/petconnect 9598] ExecuteGraphqlRead IntrospectionQuery: succeeded. 
 {"metadata":{"emulator":{"name":"dataconnect"},"message":"I1004 13:35:12.470318   34364 engine.go:169] [/emulator/petconnect 9598] ExecuteGraphqlRead IntrospectionQuery: succeeded. \n"}}
[debug] [2025-10-04T08:05:13.683Z] <<< [apiv2][status] GET https://firebase.googleapis.com/v1beta1/projects 200
[debug] [2025-10-04T08:05:13.683Z] <<< [apiv2][body] GET https://firebase.googleapis.com/v1beta1/projects [omitted]
[info] [Firebase Plugin] Stopping Data Connect toolkit
[warn] ⚠  Data Connect Emulator has exited upon receiving signal: SIGINT 
[debug] [2025-10-04T08:15:15.646Z] [Firebase Plugin] Activating Firebase extension.
[info] [Firebase Plugin] Checked firebase-tools, is up to date!
[debug] [2025-10-04T08:15:19.369Z] [Firebase Plugin] requireAuthWrapper
[debug] [2025-10-04T08:15:19.370Z] > command requires scopes: ["email","openid","https://www.googleapis.com/auth/cloudplatformprojects.readonly","https://www.googleapis.com/auth/firebase","https://www.googleapis.com/auth/cloud-platform"]
[debug] [2025-10-04T08:15:19.371Z] > authorizing via signed-in user (amaymalviya2@gmail.com)
[debug] [2025-10-04T08:15:19.374Z] Checked if tokens are valid: true, expires at: 1759568711110
[debug] [2025-10-04T08:15:19.374Z] Checked if tokens are valid: true, expires at: 1759568711110
[debug] [2025-10-04T08:15:19.375Z] [Firebase Plugin] User found:  amaymalviya2@gmail.com
[info] [Firebase Plugin] (Core:Project) New user detected, fetching projects
[debug] [2025-10-04T08:15:19.375Z] Checked if tokens are valid: true, expires at: 1759568711110
[debug] [2025-10-04T08:15:19.377Z] >>> [apiv2][query] GET https://firebase.googleapis.com/v1beta1/projects pageSize=1000
[debug] [2025-10-04T08:15:19.384Z] [Firebase Plugin] VSCode notification server listening on port 40001
[info] [Firebase Plugin] Starting Data Connect toolkit (version 2.13.0) on port 50001
[debug] [2025-10-04T08:15:21.612Z] I1004 13:45:21.595973   35833 control.go:94] [/emulator/petconnect c87c] UpdateResources(): done
Schema: sources: schema/schema.gql [2088B] 
Connector "default": sources: connector/mutations.gql [1301B] connector/queries.gql [1947B] 
 {"metadata":{"emulator":{"name":"dataconnect"},"message":"I1004 13:45:21.595973   35833 control.go:94] [/emulator/petconnect c87c] UpdateResources(): done\nSchema: sources: schema/schema.gql [2088B] \nConnector \"default\": sources: connector/mutations.gql [1301B] connector/queries.gql [1947B] \n"}}
[debug] [2025-10-04T08:15:21.614Z] Ignoring unsupported arg: auto_download {"metadata":{"emulator":{"name":"dataconnect"},"message":"Ignoring unsupported arg: auto_download"}}
[debug] [2025-10-04T08:15:21.614Z] Ignoring unsupported arg: port {"metadata":{"emulator":{"name":"dataconnect"},"message":"Ignoring unsupported arg: port"}}
[debug] [2025-10-04T08:15:21.615Z] Starting Data Connect Emulator with command {"binary":"/Users/amaymalviya/.cache/firebase/emulators/dataconnect-emulator-2.13.0","args":["--logtostderr","-v=2","dev","--listen=localhost:50001","--config_dir=/Users/amaymalviya/Documents/Development/MajorPP/pet_connect/dataconnect","--enable_output_schema_extensions=true","--enable_output_generated_sdk=true"],"optionalArgs":["listen","config_dir","enable_output_schema_extensions","enable_output_generated_sdk"],"joinArgs":true,"shell":false,"port":9399} {"metadata":{"emulator":{"name":"dataconnect"},"message":"Starting Data Connect Emulator with command {\"binary\":\"/Users/amaymalviya/.cache/firebase/emulators/dataconnect-emulator-2.13.0\",\"args\":[\"--logtostderr\",\"-v=2\",\"dev\",\"--listen=localhost:50001\",\"--config_dir=/Users/amaymalviya/Documents/Development/MajorPP/pet_connect/dataconnect\",\"--enable_output_schema_extensions=true\",\"--enable_output_generated_sdk=true\"],\"optionalArgs\":[\"listen\",\"config_dir\",\"enable_output_schema_extensions\",\"enable_output_generated_sdk\"],\"joinArgs\":true,\"shell\":false,\"port\":9399}"}}
[info] i  dataconnect: Data Connect Emulator logging to dataconnect-debug.log {"metadata":{"emulator":{"name":"dataconnect"},"message":"Data Connect Emulator logging to dataconnect-debug.log"}}
[debug] [2025-10-04T08:15:21.744Z] <<< [apiv2][status] GET https://firebase.googleapis.com/v1beta1/projects 200
[debug] [2025-10-04T08:15:21.745Z] <<< [apiv2][body] GET https://firebase.googleapis.com/v1beta1/projects [omitted]
[debug] [2025-10-04T08:15:22.054Z] I1004 13:45:22.049042   35841 load.go:31] Reloading schema and connectors...
 {"metadata":{"emulator":{"name":"dataconnect"},"message":"I1004 13:45:22.049042   35841 load.go:31] Reloading schema and connectors...\n"}}
[debug] [2025-10-04T08:15:22.459Z] I1004 13:45:22.101057   35841 control.go:94] [/emulator/petconnect 3e0a] UpdateResources(): done
Schema: sources: schema/schema.gql [2088B] 
Connector "default": sources: connector/mutations.gql [1301B] connector/queries.gql [1947B] 
I1004 13:45:22.178329   35841 collector.go:107] schema extensions wrote into "/Users/amaymalviya/Documents/Development/MajorPP/pet_connect/dataconnect/.dataconnect/schema"
Generated sources: prelude.gql [73251B] 
I1004 13:45:22.179792   35841 load.go:109] Finished reloading
I1004 13:45:22.198343   35841 dev.go:102] Listening on address (HTTP + gRPC): 127.0.0.1:50001
 {"metadata":{"emulator":{"name":"dataconnect"},"message":"I1004 13:45:22.101057   35841 control.go:94] [/emulator/petconnect 3e0a] UpdateResources(): done\nSchema: sources: schema/schema.gql [2088B] \nConnector \"default\": sources: connector/mutations.gql [1301B] connector/queries.gql [1947B] \nI1004 13:45:22.178329   35841 collector.go:107] schema extensions wrote into \"/Users/amaymalviya/Documents/Development/MajorPP/pet_connect/dataconnect/.dataconnect/schema\"\nGenerated sources: prelude.gql [73251B] \nI1004 13:45:22.179792   35841 load.go:109] Finished reloading\nI1004 13:45:22.198343   35841 dev.go:102] Listening on address (HTTP + gRPC): 127.0.0.1:50001\n"}}
[debug] [2025-10-04T08:15:22.704Z] I1004 13:45:22.679873   35841 engine.go:169] [/emulator/petconnect 3e0a] ExecuteGraphqlRead IntrospectionQuery: succeeded. 
 {"metadata":{"emulator":{"name":"dataconnect"},"message":"I1004 13:45:22.679873   35841 engine.go:169] [/emulator/petconnect 3e0a] ExecuteGraphqlRead IntrospectionQuery: succeeded. \n"}}
[info] [Firebase Plugin] Stopping Data Connect toolkit
[warn] ⚠  Data Connect Emulator has exited upon receiving signal: SIGINT 
[debug] [2025-10-04T13:22:14.595Z] [Firebase Plugin] Activating Firebase extension.
[info] [Firebase Plugin] Checked firebase-tools, is up to date!
[debug] [2025-10-04T13:22:17.689Z] [Firebase Plugin] requireAuthWrapper
[debug] [2025-10-04T13:22:17.691Z] > command requires scopes: ["email","openid","https://www.googleapis.com/auth/cloudplatformprojects.readonly","https://www.googleapis.com/auth/firebase","https://www.googleapis.com/auth/cloud-platform"]
[debug] [2025-10-04T13:22:17.691Z] > authorizing via signed-in user (amaymalviya2@gmail.com)
[debug] [2025-10-04T13:22:17.694Z] Checked if tokens are valid: false, expires at: 1759568711110
[debug] [2025-10-04T13:22:17.694Z] Checked if tokens are valid: false, expires at: 1759568711110
[debug] [2025-10-04T13:22:17.694Z] > refreshing access token with scopes: []
[debug] [2025-10-04T13:22:17.695Z] >>> [apiv2][query] POST https://www.googleapis.com/oauth2/v3/token [none]
[debug] [2025-10-04T13:22:17.695Z] >>> [apiv2][body] POST https://www.googleapis.com/oauth2/v3/token [omitted]
[debug] [2025-10-04T13:22:17.701Z] [Firebase Plugin] VSCode notification server listening on port 40001
[info] [Firebase Plugin] Starting Data Connect toolkit (version 2.13.0) on port 50001
[debug] [2025-10-04T13:22:19.216Z] I1004 18:52:19.201885   64331 control.go:94] [/emulator/petconnect 9b7d] UpdateResources(): done
Schema: sources: schema/schema.gql [2088B] 
Connector "default": sources: connector/mutations.gql [1301B] connector/queries.gql [1947B] 
 {"metadata":{"emulator":{"name":"dataconnect"},"message":"I1004 18:52:19.201885   64331 control.go:94] [/emulator/petconnect 9b7d] UpdateResources(): done\nSchema: sources: schema/schema.gql [2088B] \nConnector \"default\": sources: connector/mutations.gql [1301B] connector/queries.gql [1947B] \n"}}
[debug] [2025-10-04T13:22:19.216Z] Ignoring unsupported arg: auto_download {"metadata":{"emulator":{"name":"dataconnect"},"message":"Ignoring unsupported arg: auto_download"}}
[debug] [2025-10-04T13:22:19.216Z] Ignoring unsupported arg: port {"metadata":{"emulator":{"name":"dataconnect"},"message":"Ignoring unsupported arg: port"}}
[debug] [2025-10-04T13:22:19.217Z] Starting Data Connect Emulator with command {"binary":"/Users/amaymalviya/.cache/firebase/emulators/dataconnect-emulator-2.13.0","args":["--logtostderr","-v=2","dev","--listen=localhost:50001","--config_dir=/Users/amaymalviya/Documents/Development/MajorPP/pet_connect/dataconnect","--enable_output_schema_extensions=true","--enable_output_generated_sdk=true"],"optionalArgs":["listen","config_dir","enable_output_schema_extensions","enable_output_generated_sdk"],"joinArgs":true,"shell":false,"port":9399} {"metadata":{"emulator":{"name":"dataconnect"},"message":"Starting Data Connect Emulator with command {\"binary\":\"/Users/amaymalviya/.cache/firebase/emulators/dataconnect-emulator-2.13.0\",\"args\":[\"--logtostderr\",\"-v=2\",\"dev\",\"--listen=localhost:50001\",\"--config_dir=/Users/amaymalviya/Documents/Development/MajorPP/pet_connect/dataconnect\",\"--enable_output_schema_extensions=true\",\"--enable_output_generated_sdk=true\"],\"optionalArgs\":[\"listen\",\"config_dir\",\"enable_output_schema_extensions\",\"enable_output_generated_sdk\"],\"joinArgs\":true,\"shell\":false,\"port\":9399}"}}
[info] i  dataconnect: Data Connect Emulator logging to dataconnect-debug.log {"metadata":{"emulator":{"name":"dataconnect"},"message":"Data Connect Emulator logging to dataconnect-debug.log"}}
[debug] [2025-10-04T13:22:19.371Z] <<< [apiv2][status] POST https://www.googleapis.com/oauth2/v3/token 200
[debug] [2025-10-04T13:22:19.371Z] <<< [apiv2][body] POST https://www.googleapis.com/oauth2/v3/token [omitted]
[debug] [2025-10-04T13:22:19.383Z] [Firebase Plugin] User found:  amaymalviya2@gmail.com
[info] [Firebase Plugin] (Core:Project) New user detected, fetching projects
[debug] [2025-10-04T13:22:19.383Z] Checked if tokens are valid: true, expires at: 1759587738372
[debug] [2025-10-04T13:22:19.385Z] >>> [apiv2][query] GET https://firebase.googleapis.com/v1beta1/projects pageSize=1000
[debug] [2025-10-04T13:22:19.447Z] I1004 18:52:19.445987   64332 load.go:31] Reloading schema and connectors...
 {"metadata":{"emulator":{"name":"dataconnect"},"message":"I1004 18:52:19.445987   64332 load.go:31] Reloading schema and connectors...\n"}}
[debug] [2025-10-04T13:22:19.475Z] I1004 18:52:19.475509   64332 control.go:94] [/emulator/petconnect db09] UpdateResources(): done
Schema: sources: schema/schema.gql [2088B] 
Connector "default": sources: connector/mutations.gql [1301B] connector/queries.gql [1947B] 
 {"metadata":{"emulator":{"name":"dataconnect"},"message":"I1004 18:52:19.475509   64332 control.go:94] [/emulator/petconnect db09] UpdateResources(): done\nSchema: sources: schema/schema.gql [2088B] \nConnector \"default\": sources: connector/mutations.gql [1301B] connector/queries.gql [1947B] \n"}}
[debug] [2025-10-04T13:22:19.496Z] I1004 18:52:19.495849   64332 collector.go:107] schema extensions wrote into "/Users/amaymalviya/Documents/Development/MajorPP/pet_connect/dataconnect/.dataconnect/schema"
Generated sources: prelude.gql [73251B] 
 {"metadata":{"emulator":{"name":"dataconnect"},"message":"I1004 18:52:19.495849   64332 collector.go:107] schema extensions wrote into \"/Users/amaymalviya/Documents/Development/MajorPP/pet_connect/dataconnect/.dataconnect/schema\"\nGenerated sources: prelude.gql [73251B] \n"}}
[debug] [2025-10-04T13:22:19.497Z] I1004 18:52:19.496974   64332 load.go:109] Finished reloading
 {"metadata":{"emulator":{"name":"dataconnect"},"message":"I1004 18:52:19.496974   64332 load.go:109] Finished reloading\n"}}
[debug] [2025-10-04T13:22:19.505Z] I1004 18:52:19.504706   64332 dev.go:102] Listening on address (HTTP + gRPC): 127.0.0.1:50001
 {"metadata":{"emulator":{"name":"dataconnect"},"message":"I1004 18:52:19.504706   64332 dev.go:102] Listening on address (HTTP + gRPC): 127.0.0.1:50001\n"}}
[debug] [2025-10-04T13:22:19.802Z] I1004 18:52:19.802427   64332 engine.go:169] [/emulator/petconnect db09] ExecuteGraphqlRead IntrospectionQuery: succeeded. 
 {"metadata":{"emulator":{"name":"dataconnect"},"message":"I1004 18:52:19.802427   64332 engine.go:169] [/emulator/petconnect db09] ExecuteGraphqlRead IntrospectionQuery: succeeded. \n"}}
[debug] [2025-10-04T13:22:20.149Z] <<< [apiv2][status] GET https://firebase.googleapis.com/v1beta1/projects 200
[debug] [2025-10-04T13:22:20.149Z] <<< [apiv2][body] GET https://firebase.googleapis.com/v1beta1/projects [omitted]
[info] [Firebase Plugin] Stopping Data Connect toolkit
[warn] ⚠  Data Connect Emulator has exited upon receiving signal: SIGINT 
[debug] [2025-10-04T13:34:38.201Z] [Firebase Plugin] Activating Firebase extension.
[info] [Firebase Plugin] Checked firebase-tools, is up to date!
[debug] [2025-10-04T13:34:41.162Z] [Firebase Plugin] requireAuthWrapper
[debug] [2025-10-04T13:34:41.163Z] > command requires scopes: ["email","openid","https://www.googleapis.com/auth/cloudplatformprojects.readonly","https://www.googleapis.com/auth/firebase","https://www.googleapis.com/auth/cloud-platform"]
[debug] [2025-10-04T13:34:41.163Z] > authorizing via signed-in user (amaymalviya2@gmail.com)
[debug] [2025-10-04T13:34:41.167Z] Checked if tokens are valid: true, expires at: 1759587738372
[debug] [2025-10-04T13:34:41.167Z] Checked if tokens are valid: true, expires at: 1759587738372
[debug] [2025-10-04T13:34:41.167Z] [Firebase Plugin] User found:  amaymalviya2@gmail.com
[info] [Firebase Plugin] (Core:Project) New user detected, fetching projects
[debug] [2025-10-04T13:34:41.168Z] Checked if tokens are valid: true, expires at: 1759587738372
[debug] [2025-10-04T13:34:41.169Z] >>> [apiv2][query] GET https://firebase.googleapis.com/v1beta1/projects pageSize=1000
[debug] [2025-10-04T13:34:41.177Z] [Firebase Plugin] VSCode notification server listening on port 40001
[info] [Firebase Plugin] Starting Data Connect toolkit (version 2.13.0) on port 50001
[debug] [2025-10-04T13:34:43.035Z] I1004 19:04:43.020598   66948 control.go:94] [/emulator/petconnect 042f] UpdateResources(): done
Schema: sources: schema/schema.gql [2088B] 
Connector "default": sources: connector/mutations.gql [1301B] connector/queries.gql [1947B] 
 {"metadata":{"emulator":{"name":"dataconnect"},"message":"I1004 19:04:43.020598   66948 control.go:94] [/emulator/petconnect 042f] UpdateResources(): done\nSchema: sources: schema/schema.gql [2088B] \nConnector \"default\": sources: connector/mutations.gql [1301B] connector/queries.gql [1947B] \n"}}
[debug] [2025-10-04T13:34:43.036Z] Ignoring unsupported arg: auto_download {"metadata":{"emulator":{"name":"dataconnect"},"message":"Ignoring unsupported arg: auto_download"}}
[debug] [2025-10-04T13:34:43.036Z] Ignoring unsupported arg: port {"metadata":{"emulator":{"name":"dataconnect"},"message":"Ignoring unsupported arg: port"}}
[debug] [2025-10-04T13:34:43.036Z] Starting Data Connect Emulator with command {"binary":"/Users/amaymalviya/.cache/firebase/emulators/dataconnect-emulator-2.13.0","args":["--logtostderr","-v=2","dev","--listen=localhost:50001","--config_dir=/Users/amaymalviya/Documents/Development/MajorPP/pet_connect/dataconnect","--enable_output_schema_extensions=true","--enable_output_generated_sdk=true"],"optionalArgs":["listen","config_dir","enable_output_schema_extensions","enable_output_generated_sdk"],"joinArgs":true,"shell":false,"port":9399} {"metadata":{"emulator":{"name":"dataconnect"},"message":"Starting Data Connect Emulator with command {\"binary\":\"/Users/amaymalviya/.cache/firebase/emulators/dataconnect-emulator-2.13.0\",\"args\":[\"--logtostderr\",\"-v=2\",\"dev\",\"--listen=localhost:50001\",\"--config_dir=/Users/amaymalviya/Documents/Development/MajorPP/pet_connect/dataconnect\",\"--enable_output_schema_extensions=true\",\"--enable_output_generated_sdk=true\"],\"optionalArgs\":[\"listen\",\"config_dir\",\"enable_output_schema_extensions\",\"enable_output_generated_sdk\"],\"joinArgs\":true,\"shell\":false,\"port\":9399}"}}
[info] i  dataconnect: Data Connect Emulator logging to dataconnect-debug.log {"metadata":{"emulator":{"name":"dataconnect"},"message":"Data Connect Emulator logging to dataconnect-debug.log"}}
[debug] [2025-10-04T13:34:43.433Z] I1004 19:04:43.431718   66953 load.go:31] Reloading schema and connectors...
 {"metadata":{"emulator":{"name":"dataconnect"},"message":"I1004 19:04:43.431718   66953 load.go:31] Reloading schema and connectors...\n"}}
[debug] [2025-10-04T13:34:43.463Z] I1004 19:04:43.463747   66953 control.go:94] [/emulator/petconnect f250] UpdateResources(): done
Schema: sources: schema/schema.gql [2088B] 
Connector "default": sources: connector/mutations.gql [1301B] connector/queries.gql [1947B] 
 {"metadata":{"emulator":{"name":"dataconnect"},"message":"I1004 19:04:43.463747   66953 control.go:94] [/emulator/petconnect f250] UpdateResources(): done\nSchema: sources: schema/schema.gql [2088B] \nConnector \"default\": sources: connector/mutations.gql [1301B] connector/queries.gql [1947B] \n"}}
[debug] [2025-10-04T13:34:43.485Z] I1004 19:04:43.484965   66953 collector.go:107] schema extensions wrote into "/Users/amaymalviya/Documents/Development/MajorPP/pet_connect/dataconnect/.dataconnect/schema"
Generated sources: prelude.gql [73251B] 
 {"metadata":{"emulator":{"name":"dataconnect"},"message":"I1004 19:04:43.484965   66953 collector.go:107] schema extensions wrote into \"/Users/amaymalviya/Documents/Development/MajorPP/pet_connect/dataconnect/.dataconnect/schema\"\nGenerated sources: prelude.gql [73251B] \n"}}
[debug] [2025-10-04T13:34:43.485Z] I1004 19:04:43.485370   66953 load.go:109] Finished reloading
 {"metadata":{"emulator":{"name":"dataconnect"},"message":"I1004 19:04:43.485370   66953 load.go:109] Finished reloading\n"}}
[debug] [2025-10-04T13:34:43.496Z] I1004 19:04:43.495719   66953 dev.go:102] Listening on address (HTTP + gRPC): 127.0.0.1:50001
 {"metadata":{"emulator":{"name":"dataconnect"},"message":"I1004 19:04:43.495719   66953 dev.go:102] Listening on address (HTTP + gRPC): 127.0.0.1:50001\n"}}
[debug] [2025-10-04T13:34:43.816Z] I1004 19:04:43.815939   66953 engine.go:169] [/emulator/petconnect f250] ExecuteGraphqlRead IntrospectionQuery: succeeded. 
 {"metadata":{"emulator":{"name":"dataconnect"},"message":"I1004 19:04:43.815939   66953 engine.go:169] [/emulator/petconnect f250] ExecuteGraphqlRead IntrospectionQuery: succeeded. \n"}}
[debug] [2025-10-04T13:34:44.008Z] <<< [apiv2][status] GET https://firebase.googleapis.com/v1beta1/projects 200
[debug] [2025-10-04T13:34:44.008Z] <<< [apiv2][body] GET https://firebase.googleapis.com/v1beta1/projects [omitted]
[info] [Firebase Plugin] Stopping Data Connect toolkit
[warn] ⚠  Data Connect Emulator has exited upon receiving signal: SIGINT 
[debug] [2025-10-04T13:35:24.346Z] [Firebase Plugin] Activating Firebase extension.
[info] [Firebase Plugin] Unable to check firebase-tools installation: TypeError: fetch failed
[debug] [2025-10-04T13:35:34.885Z] [Firebase Plugin] requireAuthWrapper
[debug] [2025-10-04T13:35:34.886Z] > command requires scopes: ["email","openid","https://www.googleapis.com/auth/cloudplatformprojects.readonly","https://www.googleapis.com/auth/firebase","https://www.googleapis.com/auth/cloud-platform"]
[debug] [2025-10-04T13:35:34.886Z] > authorizing via signed-in user (amaymalviya2@gmail.com)
[debug] [2025-10-04T13:35:34.888Z] Checked if tokens are valid: true, expires at: 1759587738372
[debug] [2025-10-04T13:35:34.888Z] Checked if tokens are valid: true, expires at: 1759587738372
[debug] [2025-10-04T13:35:34.889Z] [Firebase Plugin] User found:  amaymalviya2@gmail.com
[info] [Firebase Plugin] (Core:Project) New user detected, fetching projects
[debug] [2025-10-04T13:35:34.889Z] Checked if tokens are valid: true, expires at: 1759587738372
[debug] [2025-10-04T13:35:34.890Z] >>> [apiv2][query] GET https://firebase.googleapis.com/v1beta1/projects pageSize=1000
[debug] [2025-10-04T13:35:34.895Z] [Firebase Plugin] VSCode notification server listening on port 40001
[info] [Firebase Plugin] Starting Data Connect toolkit (version 2.13.0) on port 50001
[debug] [2025-10-04T13:35:36.404Z] I1004 19:05:36.388739   68554 control.go:94] [/emulator/petconnect 43e6] UpdateResources(): done
Schema: sources: schema/schema.gql [2088B] 
Connector "default": sources: connector/mutations.gql [1301B] connector/queries.gql [1947B] 
 {"metadata":{"emulator":{"name":"dataconnect"},"message":"I1004 19:05:36.388739   68554 control.go:94] [/emulator/petconnect 43e6] UpdateResources(): done\nSchema: sources: schema/schema.gql [2088B] \nConnector \"default\": sources: connector/mutations.gql [1301B] connector/queries.gql [1947B] \n"}}
[debug] [2025-10-04T13:35:36.405Z] Ignoring unsupported arg: auto_download {"metadata":{"emulator":{"name":"dataconnect"},"message":"Ignoring unsupported arg: auto_download"}}
[debug] [2025-10-04T13:35:36.405Z] Ignoring unsupported arg: port {"metadata":{"emulator":{"name":"dataconnect"},"message":"Ignoring unsupported arg: port"}}
[debug] [2025-10-04T13:35:36.405Z] Starting Data Connect Emulator with command {"binary":"/Users/amaymalviya/.cache/firebase/emulators/dataconnect-emulator-2.13.0","args":["--logtostderr","-v=2","dev","--listen=localhost:50001","--config_dir=/Users/amaymalviya/Documents/Development/MajorPP/pet_connect/dataconnect","--enable_output_schema_extensions=true","--enable_output_generated_sdk=true"],"optionalArgs":["listen","config_dir","enable_output_schema_extensions","enable_output_generated_sdk"],"joinArgs":true,"shell":false,"port":9399} {"metadata":{"emulator":{"name":"dataconnect"},"message":"Starting Data Connect Emulator with command {\"binary\":\"/Users/amaymalviya/.cache/firebase/emulators/dataconnect-emulator-2.13.0\",\"args\":[\"--logtostderr\",\"-v=2\",\"dev\",\"--listen=localhost:50001\",\"--config_dir=/Users/amaymalviya/Documents/Development/MajorPP/pet_connect/dataconnect\",\"--enable_output_schema_extensions=true\",\"--enable_output_generated_sdk=true\"],\"optionalArgs\":[\"listen\",\"config_dir\",\"enable_output_schema_extensions\",\"enable_output_generated_sdk\"],\"joinArgs\":true,\"shell\":false,\"port\":9399}"}}
[info] i  dataconnect: Data Connect Emulator logging to dataconnect-debug.log {"metadata":{"emulator":{"name":"dataconnect"},"message":"Data Connect Emulator logging to dataconnect-debug.log"}}
[debug] [2025-10-04T13:35:36.594Z] I1004 19:05:36.592115   68562 load.go:31] Reloading schema and connectors...
 {"metadata":{"emulator":{"name":"dataconnect"},"message":"I1004 19:05:36.592115   68562 load.go:31] Reloading schema and connectors...\n"}}
[debug] [2025-10-04T13:35:36.622Z] I1004 19:05:36.622576   68562 control.go:94] [/emulator/petconnect df9e] UpdateResources(): done
Schema: sources: schema/schema.gql [2088B] 
Connector "default": sources: connector/mutations.gql [1301B] connector/queries.gql [1947B] 
 {"metadata":{"emulator":{"name":"dataconnect"},"message":"I1004 19:05:36.622576   68562 control.go:94] [/emulator/petconnect df9e] UpdateResources(): done\nSchema: sources: schema/schema.gql [2088B] \nConnector \"default\": sources: connector/mutations.gql [1301B] connector/queries.gql [1947B] \n"}}
[debug] [2025-10-04T13:35:36.643Z] I1004 19:05:36.643105   68562 collector.go:107] schema extensions wrote into "/Users/amaymalviya/Documents/Development/MajorPP/pet_connect/dataconnect/.dataconnect/schema"
Generated sources: prelude.gql [73251B] 
 {"metadata":{"emulator":{"name":"dataconnect"},"message":"I1004 19:05:36.643105   68562 collector.go:107] schema extensions wrote into \"/Users/amaymalviya/Documents/Development/MajorPP/pet_connect/dataconnect/.dataconnect/schema\"\nGenerated sources: prelude.gql [73251B] \n"}}
[debug] [2025-10-04T13:35:36.643Z] I1004 19:05:36.643259   68562 load.go:109] Finished reloading
 {"metadata":{"emulator":{"name":"dataconnect"},"message":"I1004 19:05:36.643259   68562 load.go:109] Finished reloading\n"}}
[debug] [2025-10-04T13:35:36.650Z] I1004 19:05:36.650483   68562 dev.go:102] Listening on address (HTTP + gRPC): 127.0.0.1:50001
 {"metadata":{"emulator":{"name":"dataconnect"},"message":"I1004 19:05:36.650483   68562 dev.go:102] Listening on address (HTTP + gRPC): 127.0.0.1:50001\n"}}
[debug] [2025-10-04T13:35:37.894Z] <<< [apiv2][status] GET https://firebase.googleapis.com/v1beta1/projects 200
[debug] [2025-10-04T13:35:37.894Z] <<< [apiv2][body] GET https://firebase.googleapis.com/v1beta1/projects [omitted]
[debug] [2025-10-04T13:35:37.913Z] I1004 19:05:37.913169   68562 engine.go:169] [/emulator/petconnect df9e] ExecuteGraphqlRead IntrospectionQuery: succeeded. 
 {"metadata":{"emulator":{"name":"dataconnect"},"message":"I1004 19:05:37.913169   68562 engine.go:169] [/emulator/petconnect df9e] ExecuteGraphqlRead IntrospectionQuery: succeeded. \n"}}
[info] [Firebase Plugin] Stopping Data Connect toolkit
[warn] ⚠  Data Connect Emulator has exited upon receiving signal: SIGINT 
[debug] [2025-10-04T14:11:45.811Z] [Firebase Plugin] Activating Firebase extension.
[info] [Firebase Plugin] Checked firebase-tools, is up to date!
[debug] [2025-10-04T14:11:49.769Z] [Firebase Plugin] requireAuthWrapper
[debug] [2025-10-04T14:11:49.771Z] > command requires scopes: ["email","openid","https://www.googleapis.com/auth/cloudplatformprojects.readonly","https://www.googleapis.com/auth/firebase","https://www.googleapis.com/auth/cloud-platform"]
[debug] [2025-10-04T14:11:49.771Z] > authorizing via signed-in user (amaymalviya2@gmail.com)
[debug] [2025-10-04T14:11:49.774Z] Checked if tokens are valid: false, expires at: 1759587738372
[debug] [2025-10-04T14:11:49.774Z] Checked if tokens are valid: false, expires at: 1759587738372
[debug] [2025-10-04T14:11:49.775Z] > refreshing access token with scopes: []
[debug] [2025-10-04T14:11:49.776Z] >>> [apiv2][query] POST https://www.googleapis.com/oauth2/v3/token [none]
[debug] [2025-10-04T14:11:49.776Z] >>> [apiv2][body] POST https://www.googleapis.com/oauth2/v3/token [omitted]
[debug] [2025-10-04T14:11:49.784Z] [Firebase Plugin] VSCode notification server listening on port 40001
[info] [Firebase Plugin] Starting Data Connect toolkit (version 2.13.0) on port 50001
[debug] [2025-10-04T14:11:51.725Z] I1004 19:41:51.703280   73899 control.go:94] [/emulator/petconnect d11a] UpdateResources(): done
Schema: sources: schema/schema.gql [2088B] 
Connector "default": sources: connector/queries.gql [1947B] connector/mutations.gql [1301B] 
 {"metadata":{"emulator":{"name":"dataconnect"},"message":"I1004 19:41:51.703280   73899 control.go:94] [/emulator/petconnect d11a] UpdateResources(): done\nSchema: sources: schema/schema.gql [2088B] \nConnector \"default\": sources: connector/queries.gql [1947B] connector/mutations.gql [1301B] \n"}}
[debug] [2025-10-04T14:11:51.726Z] Ignoring unsupported arg: auto_download {"metadata":{"emulator":{"name":"dataconnect"},"message":"Ignoring unsupported arg: auto_download"}}
[debug] [2025-10-04T14:11:51.726Z] Ignoring unsupported arg: port {"metadata":{"emulator":{"name":"dataconnect"},"message":"Ignoring unsupported arg: port"}}
[debug] [2025-10-04T14:11:51.726Z] Starting Data Connect Emulator with command {"binary":"/Users/amaymalviya/.cache/firebase/emulators/dataconnect-emulator-2.13.0","args":["--logtostderr","-v=2","dev","--listen=localhost:50001","--config_dir=/Users/amaymalviya/Documents/Development/MajorPP/pet_connect/dataconnect","--enable_output_schema_extensions=true","--enable_output_generated_sdk=true"],"optionalArgs":["listen","config_dir","enable_output_schema_extensions","enable_output_generated_sdk"],"joinArgs":true,"shell":false,"port":9399} {"metadata":{"emulator":{"name":"dataconnect"},"message":"Starting Data Connect Emulator with command {\"binary\":\"/Users/amaymalviya/.cache/firebase/emulators/dataconnect-emulator-2.13.0\",\"args\":[\"--logtostderr\",\"-v=2\",\"dev\",\"--listen=localhost:50001\",\"--config_dir=/Users/amaymalviya/Documents/Development/MajorPP/pet_connect/dataconnect\",\"--enable_output_schema_extensions=true\",\"--enable_output_generated_sdk=true\"],\"optionalArgs\":[\"listen\",\"config_dir\",\"enable_output_schema_extensions\",\"enable_output_generated_sdk\"],\"joinArgs\":true,\"shell\":false,\"port\":9399}"}}
[info] i  dataconnect: Data Connect Emulator logging to dataconnect-debug.log {"metadata":{"emulator":{"name":"dataconnect"},"message":"Data Connect Emulator logging to dataconnect-debug.log"}}
[debug] [2025-10-04T14:11:51.886Z] <<< [apiv2][status] POST https://www.googleapis.com/oauth2/v3/token 200
[debug] [2025-10-04T14:11:51.886Z] <<< [apiv2][body] POST https://www.googleapis.com/oauth2/v3/token [omitted]
[debug] [2025-10-04T14:11:51.919Z] [Firebase Plugin] User found:  amaymalviya2@gmail.com
[info] [Firebase Plugin] (Core:Project) New user detected, fetching projects
[debug] [2025-10-04T14:11:51.920Z] Checked if tokens are valid: true, expires at: 1759590710886
[debug] [2025-10-04T14:11:51.922Z] >>> [apiv2][query] GET https://firebase.googleapis.com/v1beta1/projects pageSize=1000
[debug] [2025-10-04T14:11:52.428Z] I1004 19:41:52.425646   73907 load.go:31] Reloading schema and connectors...
 {"metadata":{"emulator":{"name":"dataconnect"},"message":"I1004 19:41:52.425646   73907 load.go:31] Reloading schema and connectors...\n"}}
[debug] [2025-10-04T14:11:52.469Z] I1004 19:41:52.469230   73907 control.go:94] [/emulator/petconnect 1d5b] UpdateResources(): done
Schema: sources: schema/schema.gql [2088B] 
Connector "default": sources: connector/queries.gql [1947B] connector/mutations.gql [1301B] 
 {"metadata":{"emulator":{"name":"dataconnect"},"message":"I1004 19:41:52.469230   73907 control.go:94] [/emulator/petconnect 1d5b] UpdateResources(): done\nSchema: sources: schema/schema.gql [2088B] \nConnector \"default\": sources: connector/queries.gql [1947B] connector/mutations.gql [1301B] \n"}}
[debug] [2025-10-04T14:11:52.499Z] I1004 19:41:52.498533   73907 collector.go:107] schema extensions wrote into "/Users/amaymalviya/Documents/Development/MajorPP/pet_connect/dataconnect/.dataconnect/schema"
Generated sources: prelude.gql [73251B] 
 {"metadata":{"emulator":{"name":"dataconnect"},"message":"I1004 19:41:52.498533   73907 collector.go:107] schema extensions wrote into \"/Users/amaymalviya/Documents/Development/MajorPP/pet_connect/dataconnect/.dataconnect/schema\"\nGenerated sources: prelude.gql [73251B] \n"}}
[debug] [2025-10-04T14:11:52.499Z] I1004 19:41:52.499186   73907 load.go:109] Finished reloading
 {"metadata":{"emulator":{"name":"dataconnect"},"message":"I1004 19:41:52.499186   73907 load.go:109] Finished reloading\n"}}
[debug] [2025-10-04T14:11:52.515Z] I1004 19:41:52.515163   73907 dev.go:102] Listening on address (HTTP + gRPC): 127.0.0.1:50001
 {"metadata":{"emulator":{"name":"dataconnect"},"message":"I1004 19:41:52.515163   73907 dev.go:102] Listening on address (HTTP + gRPC): 127.0.0.1:50001\n"}}
[debug] [2025-10-04T14:11:52.722Z] <<< [apiv2][status] GET https://firebase.googleapis.com/v1beta1/projects 200
[debug] [2025-10-04T14:11:52.723Z] <<< [apiv2][body] GET https://firebase.googleapis.com/v1beta1/projects [omitted]
[debug] [2025-10-04T14:11:52.889Z] I1004 19:41:52.889197   73907 engine.go:169] [/emulator/petconnect 1d5b] ExecuteGraphqlRead IntrospectionQuery: succeeded. 
 {"metadata":{"emulator":{"name":"dataconnect"},"message":"I1004 19:41:52.889197   73907 engine.go:169] [/emulator/petconnect 1d5b] ExecuteGraphqlRead IntrospectionQuery: succeeded. \n"}}
[info] [Firebase Plugin] Stopping Data Connect toolkit
[warn] ⚠  Data Connect Emulator has exited upon receiving signal: SIGINT 
[debug] [2025-10-05T06:20:40.457Z] [Firebase Plugin] Activating Firebase extension.
[info] [Firebase Plugin] Checked firebase-tools, is up to date!
[debug] [2025-10-05T06:20:45.829Z] [Firebase Plugin] requireAuthWrapper
[debug] [2025-10-05T06:20:45.831Z] > command requires scopes: ["email","openid","https://www.googleapis.com/auth/cloudplatformprojects.readonly","https://www.googleapis.com/auth/firebase","https://www.googleapis.com/auth/cloud-platform"]
[debug] [2025-10-05T06:20:45.831Z] > authorizing via signed-in user (amaymalviya2@gmail.com)
[debug] [2025-10-05T06:20:45.834Z] Checked if tokens are valid: false, expires at: 1759590710886
[debug] [2025-10-05T06:20:45.834Z] Checked if tokens are valid: false, expires at: 1759590710886
[debug] [2025-10-05T06:20:45.834Z] > refreshing access token with scopes: []
[debug] [2025-10-05T06:20:45.835Z] >>> [apiv2][query] POST https://www.googleapis.com/oauth2/v3/token [none]
[debug] [2025-10-05T06:20:45.835Z] >>> [apiv2][body] POST https://www.googleapis.com/oauth2/v3/token [omitted]
[debug] [2025-10-05T06:20:45.840Z] [Firebase Plugin] VSCode notification server listening on port 40001
[info] [Firebase Plugin] Starting Data Connect toolkit (version 2.13.0) on port 50001
[debug] [2025-10-05T06:20:47.480Z] I1005 11:50:47.464136   15950 control.go:94] [/emulator/petconnect 92b4] UpdateResources(): done
Schema: sources: schema/schema.gql [2088B] 
Connector "default": sources: connector/mutations.gql [1301B] connector/queries.gql [1947B] 
 {"metadata":{"emulator":{"name":"dataconnect"},"message":"I1005 11:50:47.464136   15950 control.go:94] [/emulator/petconnect 92b4] UpdateResources(): done\nSchema: sources: schema/schema.gql [2088B] \nConnector \"default\": sources: connector/mutations.gql [1301B] connector/queries.gql [1947B] \n"}}
[debug] [2025-10-05T06:20:47.481Z] Ignoring unsupported arg: auto_download {"metadata":{"emulator":{"name":"dataconnect"},"message":"Ignoring unsupported arg: auto_download"}}
[debug] [2025-10-05T06:20:47.481Z] Ignoring unsupported arg: port {"metadata":{"emulator":{"name":"dataconnect"},"message":"Ignoring unsupported arg: port"}}
[debug] [2025-10-05T06:20:47.481Z] Starting Data Connect Emulator with command {"binary":"/Users/amaymalviya/.cache/firebase/emulators/dataconnect-emulator-2.13.0","args":["--logtostderr","-v=2","dev","--listen=localhost:50001","--config_dir=/Users/amaymalviya/Documents/Development/MajorPP/pet_connect/dataconnect","--enable_output_schema_extensions=true","--enable_output_generated_sdk=true"],"optionalArgs":["listen","config_dir","enable_output_schema_extensions","enable_output_generated_sdk"],"joinArgs":true,"shell":false,"port":9399} {"metadata":{"emulator":{"name":"dataconnect"},"message":"Starting Data Connect Emulator with command {\"binary\":\"/Users/amaymalviya/.cache/firebase/emulators/dataconnect-emulator-2.13.0\",\"args\":[\"--logtostderr\",\"-v=2\",\"dev\",\"--listen=localhost:50001\",\"--config_dir=/Users/amaymalviya/Documents/Development/MajorPP/pet_connect/dataconnect\",\"--enable_output_schema_extensions=true\",\"--enable_output_generated_sdk=true\"],\"optionalArgs\":[\"listen\",\"config_dir\",\"enable_output_schema_extensions\",\"enable_output_generated_sdk\"],\"joinArgs\":true,\"shell\":false,\"port\":9399}"}}
[info] i  dataconnect: Data Connect Emulator logging to dataconnect-debug.log {"metadata":{"emulator":{"name":"dataconnect"},"message":"Data Connect Emulator logging to dataconnect-debug.log"}}
[debug] [2025-10-05T06:20:47.653Z] <<< [apiv2][status] POST https://www.googleapis.com/oauth2/v3/token 200
[debug] [2025-10-05T06:20:47.653Z] <<< [apiv2][body] POST https://www.googleapis.com/oauth2/v3/token [omitted]
[debug] [2025-10-05T06:20:47.666Z] [Firebase Plugin] User found:  amaymalviya2@gmail.com
[info] [Firebase Plugin] (Core:Project) New user detected, fetching projects
[debug] [2025-10-05T06:20:47.667Z] Checked if tokens are valid: true, expires at: 1759648846653
[debug] [2025-10-05T06:20:47.667Z] >>> [apiv2][query] GET https://firebase.googleapis.com/v1beta1/projects pageSize=1000
[debug] [2025-10-05T06:20:47.948Z] I1005 11:50:47.945256   15952 load.go:31] Reloading schema and connectors...
 {"metadata":{"emulator":{"name":"dataconnect"},"message":"I1005 11:50:47.945256   15952 load.go:31] Reloading schema and connectors...\n"}}
[debug] [2025-10-05T06:20:47.992Z] I1005 11:50:47.992512   15952 control.go:94] [/emulator/petconnect ae57] UpdateResources(): done
Schema: sources: schema/schema.gql [2088B] 
Connector "default": sources: connector/queries.gql [1947B] connector/mutations.gql [1301B] 
 {"metadata":{"emulator":{"name":"dataconnect"},"message":"I1005 11:50:47.992512   15952 control.go:94] [/emulator/petconnect ae57] UpdateResources(): done\nSchema: sources: schema/schema.gql [2088B] \nConnector \"default\": sources: connector/queries.gql [1947B] connector/mutations.gql [1301B] \n"}}
[debug] [2025-10-05T06:20:48.021Z] I1005 11:50:48.021518   15952 collector.go:107] schema extensions wrote into "/Users/amaymalviya/Documents/Development/MajorPP/pet_connect/dataconnect/.dataconnect/schema"
Generated sources: prelude.gql [73251B] 
 {"metadata":{"emulator":{"name":"dataconnect"},"message":"I1005 11:50:48.021518   15952 collector.go:107] schema extensions wrote into \"/Users/amaymalviya/Documents/Development/MajorPP/pet_connect/dataconnect/.dataconnect/schema\"\nGenerated sources: prelude.gql [73251B] \n"}}
[debug] [2025-10-05T06:20:48.022Z] I1005 11:50:48.022110   15952 load.go:109] Finished reloading
 {"metadata":{"emulator":{"name":"dataconnect"},"message":"I1005 11:50:48.022110   15952 load.go:109] Finished reloading\n"}}
[debug] [2025-10-05T06:20:48.034Z] I1005 11:50:48.033804   15952 dev.go:102] Listening on address (HTTP + gRPC): 127.0.0.1:50001
 {"metadata":{"emulator":{"name":"dataconnect"},"message":"I1005 11:50:48.033804   15952 dev.go:102] Listening on address (HTTP + gRPC): 127.0.0.1:50001\n"}}
[debug] [2025-10-05T06:20:48.343Z] I1005 11:50:48.343839   15952 engine.go:169] [/emulator/petconnect ae57] ExecuteGraphqlRead IntrospectionQuery: succeeded. 
 {"metadata":{"emulator":{"name":"dataconnect"},"message":"I1005 11:50:48.343839   15952 engine.go:169] [/emulator/petconnect ae57] ExecuteGraphqlRead IntrospectionQuery: succeeded. \n"}}
[debug] [2025-10-05T06:20:48.393Z] <<< [apiv2][status] GET https://firebase.googleapis.com/v1beta1/projects 200
[debug] [2025-10-05T06:20:48.393Z] <<< [apiv2][body] GET https://firebase.googleapis.com/v1beta1/projects [omitted]
[info] [Firebase Plugin] Stopping Data Connect toolkit
[warn] ⚠  Data Connect Emulator has exited upon receiving signal: SIGINT 
[debug] [2025-10-05T13:08:26.925Z] [Firebase Plugin] Activating Firebase extension.
[info] [Firebase Plugin] Checked firebase-tools, is up to date!
[debug] [2025-10-05T13:08:31.017Z] [Firebase Plugin] requireAuthWrapper
[debug] [2025-10-05T13:08:31.019Z] > command requires scopes: ["email","openid","https://www.googleapis.com/auth/cloudplatformprojects.readonly","https://www.googleapis.com/auth/firebase","https://www.googleapis.com/auth/cloud-platform"]
[debug] [2025-10-05T13:08:31.020Z] > authorizing via signed-in user (amaymalviya2@gmail.com)
[debug] [2025-10-05T13:08:31.024Z] Checked if tokens are valid: false, expires at: 1759648846653
[debug] [2025-10-05T13:08:31.024Z] Checked if tokens are valid: false, expires at: 1759648846653
[debug] [2025-10-05T13:08:31.024Z] > refreshing access token with scopes: []
[debug] [2025-10-05T13:08:31.025Z] >>> [apiv2][query] POST https://www.googleapis.com/oauth2/v3/token [none]
[debug] [2025-10-05T13:08:31.026Z] >>> [apiv2][body] POST https://www.googleapis.com/oauth2/v3/token [omitted]
[debug] [2025-10-05T13:08:31.033Z] [Firebase Plugin] VSCode notification server listening on port 40001
[info] [Firebase Plugin] Starting Data Connect toolkit (version 2.13.0) on port 50001
[debug] [2025-10-05T13:08:32.973Z] I1005 18:38:32.951686   44550 control.go:94] [/emulator/petconnect 7bec] UpdateResources(): done
Schema: sources: schema/schema.gql [2088B] 
Connector "default": sources: connector/mutations.gql [1301B] connector/queries.gql [1947B] 
 {"metadata":{"emulator":{"name":"dataconnect"},"message":"I1005 18:38:32.951686   44550 control.go:94] [/emulator/petconnect 7bec] UpdateResources(): done\nSchema: sources: schema/schema.gql [2088B] \nConnector \"default\": sources: connector/mutations.gql [1301B] connector/queries.gql [1947B] \n"}}
[debug] [2025-10-05T13:08:32.976Z] Ignoring unsupported arg: auto_download {"metadata":{"emulator":{"name":"dataconnect"},"message":"Ignoring unsupported arg: auto_download"}}
[debug] [2025-10-05T13:08:32.976Z] Ignoring unsupported arg: port {"metadata":{"emulator":{"name":"dataconnect"},"message":"Ignoring unsupported arg: port"}}
[debug] [2025-10-05T13:08:32.976Z] Starting Data Connect Emulator with command {"binary":"/Users/amaymalviya/.cache/firebase/emulators/dataconnect-emulator-2.13.0","args":["--logtostderr","-v=2","dev","--listen=localhost:50001","--config_dir=/Users/amaymalviya/Documents/Development/MajorPP/pet_connect/dataconnect","--enable_output_schema_extensions=true","--enable_output_generated_sdk=true"],"optionalArgs":["listen","config_dir","enable_output_schema_extensions","enable_output_generated_sdk"],"joinArgs":true,"shell":false,"port":9399} {"metadata":{"emulator":{"name":"dataconnect"},"message":"Starting Data Connect Emulator with command {\"binary\":\"/Users/amaymalviya/.cache/firebase/emulators/dataconnect-emulator-2.13.0\",\"args\":[\"--logtostderr\",\"-v=2\",\"dev\",\"--listen=localhost:50001\",\"--config_dir=/Users/amaymalviya/Documents/Development/MajorPP/pet_connect/dataconnect\",\"--enable_output_schema_extensions=true\",\"--enable_output_generated_sdk=true\"],\"optionalArgs\":[\"listen\",\"config_dir\",\"enable_output_schema_extensions\",\"enable_output_generated_sdk\"],\"joinArgs\":true,\"shell\":false,\"port\":9399}"}}
[info] i  dataconnect: Data Connect Emulator logging to dataconnect-debug.log {"metadata":{"emulator":{"name":"dataconnect"},"message":"Data Connect Emulator logging to dataconnect-debug.log"}}
[debug] [2025-10-05T13:08:33.176Z] <<< [apiv2][status] POST https://www.googleapis.com/oauth2/v3/token 200
[debug] [2025-10-05T13:08:33.176Z] <<< [apiv2][body] POST https://www.googleapis.com/oauth2/v3/token [omitted]
[debug] [2025-10-05T13:08:33.190Z] [Firebase Plugin] User found:  amaymalviya2@gmail.com
[info] [Firebase Plugin] (Core:Project) New user detected, fetching projects
[debug] [2025-10-05T13:08:33.191Z] Checked if tokens are valid: true, expires at: 1759673312176
[debug] [2025-10-05T13:08:33.191Z] >>> [apiv2][query] GET https://firebase.googleapis.com/v1beta1/projects pageSize=1000
[debug] [2025-10-05T13:08:34.131Z] I1005 18:38:34.128028   44554 load.go:31] Reloading schema and connectors...
 {"metadata":{"emulator":{"name":"dataconnect"},"message":"I1005 18:38:34.128028   44554 load.go:31] Reloading schema and connectors...\n"}}
[debug] [2025-10-05T13:08:34.197Z] <<< [apiv2][status] GET https://firebase.googleapis.com/v1beta1/projects 200
[debug] [2025-10-05T13:08:34.197Z] <<< [apiv2][body] GET https://firebase.googleapis.com/v1beta1/projects [omitted]
[debug] [2025-10-05T13:08:34.213Z] I1005 18:38:34.212797   44554 control.go:94] [/emulator/petconnect 93e4] UpdateResources(): done
Schema: sources: schema/schema.gql [2088B] 
Connector "default": sources: connector/queries.gql [1947B] connector/mutations.gql [1301B] 
 {"metadata":{"emulator":{"name":"dataconnect"},"message":"I1005 18:38:34.212797   44554 control.go:94] [/emulator/petconnect 93e4] UpdateResources(): done\nSchema: sources: schema/schema.gql [2088B] \nConnector \"default\": sources: connector/queries.gql [1947B] connector/mutations.gql [1301B] \n"}}
[debug] [2025-10-05T13:08:34.352Z] I1005 18:38:34.350967   44554 collector.go:107] schema extensions wrote into "/Users/amaymalviya/Documents/Development/MajorPP/pet_connect/dataconnect/.dataconnect/schema"
Generated sources: prelude.gql [73251B] 
I1005 18:38:34.351854   44554 load.go:109] Finished reloading
 {"metadata":{"emulator":{"name":"dataconnect"},"message":"I1005 18:38:34.350967   44554 collector.go:107] schema extensions wrote into \"/Users/amaymalviya/Documents/Development/MajorPP/pet_connect/dataconnect/.dataconnect/schema\"\nGenerated sources: prelude.gql [73251B] \nI1005 18:38:34.351854   44554 load.go:109] Finished reloading\n"}}
[debug] [2025-10-05T13:08:34.371Z] I1005 18:38:34.369667   44554 dev.go:102] Listening on address (HTTP + gRPC): 127.0.0.1:50001
 {"metadata":{"emulator":{"name":"dataconnect"},"message":"I1005 18:38:34.369667   44554 dev.go:102] Listening on address (HTTP + gRPC): 127.0.0.1:50001\n"}}
[debug] [2025-10-05T13:08:35.092Z] I1005 18:38:35.091786   44554 engine.go:169] [/emulator/petconnect 93e4] ExecuteGraphqlRead IntrospectionQuery: succeeded. 
 {"metadata":{"emulator":{"name":"dataconnect"},"message":"I1005 18:38:35.091786   44554 engine.go:169] [/emulator/petconnect 93e4] ExecuteGraphqlRead IntrospectionQuery: succeeded. \n"}}
[info] [Firebase Plugin] Stopping Data Connect toolkit
[warn] ⚠  Data Connect Emulator has exited upon receiving signal: SIGINT 
[debug] [2025-10-05T16:03:54.972Z] [Firebase Plugin] Activating Firebase extension.
[info] [Firebase Plugin] Checked firebase-tools, is up to date!
[debug] [2025-10-05T16:04:28.070Z] [Firebase Plugin] requireAuthWrapper
[debug] [2025-10-05T16:04:28.075Z] > command requires scopes: ["email","openid","https://www.googleapis.com/auth/cloudplatformprojects.readonly","https://www.googleapis.com/auth/firebase","https://www.googleapis.com/auth/cloud-platform"]
[debug] [2025-10-05T16:04:28.076Z] > authorizing via signed-in user (amaymalviya2@gmail.com)
[debug] [2025-10-05T16:04:28.092Z] Checked if tokens are valid: false, expires at: 1759673312176
[debug] [2025-10-05T16:04:28.092Z] Checked if tokens are valid: false, expires at: 1759673312176
[debug] [2025-10-05T16:04:28.093Z] > refreshing access token with scopes: []
[debug] [2025-10-05T16:04:28.097Z] >>> [apiv2][query] POST https://www.googleapis.com/oauth2/v3/token [none]
[debug] [2025-10-05T16:04:28.097Z] >>> [apiv2][body] POST https://www.googleapis.com/oauth2/v3/token [omitted]
[debug] [2025-10-05T16:04:28.124Z] [Firebase Plugin] VSCode notification server listening on port 40001
[info] [Firebase Plugin] Starting Data Connect toolkit (version 2.13.0) on port 50001
[debug] [2025-10-05T16:04:38.665Z] I1005 21:34:38.128759   62775 control.go:94] [/emulator/petconnect 530b] UpdateResources(): done
Schema: sources: schema/schema.gql [2088B] 
Connector "default": sources: connector/mutations.gql [1301B] connector/queries.gql [1947B] 
 {"metadata":{"emulator":{"name":"dataconnect"},"message":"I1005 21:34:38.128759   62775 control.go:94] [/emulator/petconnect 530b] UpdateResources(): done\nSchema: sources: schema/schema.gql [2088B] \nConnector \"default\": sources: connector/mutations.gql [1301B] connector/queries.gql [1947B] \n"}}
[debug] [2025-10-05T16:04:38.690Z] Ignoring unsupported arg: auto_download {"metadata":{"emulator":{"name":"dataconnect"},"message":"Ignoring unsupported arg: auto_download"}}
[debug] [2025-10-05T16:04:38.691Z] Ignoring unsupported arg: port {"metadata":{"emulator":{"name":"dataconnect"},"message":"Ignoring unsupported arg: port"}}
[debug] [2025-10-05T16:04:38.692Z] Starting Data Connect Emulator with command {"binary":"/Users/amaymalviya/.cache/firebase/emulators/dataconnect-emulator-2.13.0","args":["--logtostderr","-v=2","dev","--listen=localhost:50001","--config_dir=/Users/amaymalviya/Documents/Development/MajorPP/pet_connect/dataconnect","--enable_output_schema_extensions=true","--enable_output_generated_sdk=true"],"optionalArgs":["listen","config_dir","enable_output_schema_extensions","enable_output_generated_sdk"],"joinArgs":true,"shell":false,"port":9399} {"metadata":{"emulator":{"name":"dataconnect"},"message":"Starting Data Connect Emulator with command {\"binary\":\"/Users/amaymalviya/.cache/firebase/emulators/dataconnect-emulator-2.13.0\",\"args\":[\"--logtostderr\",\"-v=2\",\"dev\",\"--listen=localhost:50001\",\"--config_dir=/Users/amaymalviya/Documents/Development/MajorPP/pet_connect/dataconnect\",\"--enable_output_schema_extensions=true\",\"--enable_output_generated_sdk=true\"],\"optionalArgs\":[\"listen\",\"config_dir\",\"enable_output_schema_extensions\",\"enable_output_generated_sdk\"],\"joinArgs\":true,\"shell\":false,\"port\":9399}"}}
[info] i  dataconnect: Data Connect Emulator logging to dataconnect-debug.log {"metadata":{"emulator":{"name":"dataconnect"},"message":"Data Connect Emulator logging to dataconnect-debug.log"}}
[debug] [2025-10-05T16:04:39.282Z] <<< [apiv2][status] POST https://www.googleapis.com/oauth2/v3/token 200
[debug] [2025-10-05T16:04:39.283Z] <<< [apiv2][body] POST https://www.googleapis.com/oauth2/v3/token [omitted]
[debug] [2025-10-05T16:04:39.301Z] [Firebase Plugin] User found:  amaymalviya2@gmail.com
[info] [Firebase Plugin] (Core:Project) New user detected, fetching projects
[debug] [2025-10-05T16:04:39.302Z] Checked if tokens are valid: true, expires at: 1759683878283
[debug] [2025-10-05T16:04:39.304Z] >>> [apiv2][query] GET https://firebase.googleapis.com/v1beta1/projects pageSize=1000
[debug] [2025-10-05T16:04:40.717Z] <<< [apiv2][status] GET https://firebase.googleapis.com/v1beta1/projects 200
[debug] [2025-10-05T16:04:40.719Z] <<< [apiv2][body] GET https://firebase.googleapis.com/v1beta1/projects [omitted]
[debug] [2025-10-05T16:05:05.392Z] I1005 21:34:58.029320   62810 load.go:31] Reloading schema and connectors...
I1005 21:34:58.620250   62810 control.go:94] [/emulator/petconnect 4f27] UpdateResources(): done
Schema: sources: schema/schema.gql [2088B] 
Connector "default": sources: connector/queries.gql [1947B] connector/mutations.gql [1301B] 
I1005 21:34:58.887293   62810 collector.go:107] schema extensions wrote into "/Users/amaymalviya/Documents/Development/MajorPP/pet_connect/dataconnect/.dataconnect/schema"
Generated sources: prelude.gql [73251B] 
I1005 21:34:58.892516   62810 load.go:109] Finished reloading
I1005 21:34:59.063245   62810 dev.go:102] Listening on address (HTTP + gRPC): 127.0.0.1:50001
 {"metadata":{"emulator":{"name":"dataconnect"},"message":"I1005 21:34:58.029320   62810 load.go:31] Reloading schema and connectors...\nI1005 21:34:58.620250   62810 control.go:94] [/emulator/petconnect 4f27] UpdateResources(): done\nSchema: sources: schema/schema.gql [2088B] \nConnector \"default\": sources: connector/queries.gql [1947B] connector/mutations.gql [1301B] \nI1005 21:34:58.887293   62810 collector.go:107] schema extensions wrote into \"/Users/amaymalviya/Documents/Development/MajorPP/pet_connect/dataconnect/.dataconnect/schema\"\nGenerated sources: prelude.gql [73251B] \nI1005 21:34:58.892516   62810 load.go:109] Finished reloading\nI1005 21:34:59.063245   62810 dev.go:102] Listening on address (HTTP + gRPC): 127.0.0.1:50001\n"}}
[info] [Firebase Plugin] Stopping Data Connect toolkit
[warn] ⚠  Data Connect Emulator has exited upon receiving signal: SIGINT 
[debug] [2025-10-06T13:28:59.633Z] [Firebase Plugin] Activating Firebase extension.
[info] [Firebase Plugin] Checked firebase-tools, is up to date!
[debug] [2025-10-06T13:29:03.640Z] [Firebase Plugin] requireAuthWrapper
[debug] [2025-10-06T13:29:03.642Z] > command requires scopes: ["email","openid","https://www.googleapis.com/auth/cloudplatformprojects.readonly","https://www.googleapis.com/auth/firebase","https://www.googleapis.com/auth/cloud-platform"]
[debug] [2025-10-06T13:29:03.642Z] > authorizing via signed-in user (amaymalviya2@gmail.com)
[debug] [2025-10-06T13:29:03.646Z] Checked if tokens are valid: false, expires at: 1759683878283
[debug] [2025-10-06T13:29:03.646Z] Checked if tokens are valid: false, expires at: 1759683878283
[debug] [2025-10-06T13:29:03.646Z] > refreshing access token with scopes: []
[debug] [2025-10-06T13:29:03.648Z] >>> [apiv2][query] POST https://www.googleapis.com/oauth2/v3/token [none]
[debug] [2025-10-06T13:29:03.648Z] >>> [apiv2][body] POST https://www.googleapis.com/oauth2/v3/token [omitted]
[debug] [2025-10-06T13:29:03.657Z] [Firebase Plugin] VSCode notification server listening on port 40001
[info] [Firebase Plugin] Starting Data Connect toolkit (version 2.13.0) on port 50001
[debug] [2025-10-06T13:29:05.528Z] I1006 18:59:05.511670    5637 control.go:94] [/emulator/petconnect 9bfa] UpdateResources(): done
Schema: sources: schema/schema.gql [2088B] 
Connector "default": sources: connector/mutations.gql [1301B] connector/queries.gql [1947B] 
 {"metadata":{"emulator":{"name":"dataconnect"},"message":"I1006 18:59:05.511670    5637 control.go:94] [/emulator/petconnect 9bfa] UpdateResources(): done\nSchema: sources: schema/schema.gql [2088B] \nConnector \"default\": sources: connector/mutations.gql [1301B] connector/queries.gql [1947B] \n"}}
[debug] [2025-10-06T13:29:05.530Z] Ignoring unsupported arg: auto_download {"metadata":{"emulator":{"name":"dataconnect"},"message":"Ignoring unsupported arg: auto_download"}}
[debug] [2025-10-06T13:29:05.530Z] Ignoring unsupported arg: port {"metadata":{"emulator":{"name":"dataconnect"},"message":"Ignoring unsupported arg: port"}}
[debug] [2025-10-06T13:29:05.530Z] Starting Data Connect Emulator with command {"binary":"/Users/amaymalviya/.cache/firebase/emulators/dataconnect-emulator-2.13.0","args":["--logtostderr","-v=2","dev","--listen=localhost:50001","--config_dir=/Users/amaymalviya/Documents/Development/MajorPP/pet_connect/dataconnect","--enable_output_schema_extensions=true","--enable_output_generated_sdk=true"],"optionalArgs":["listen","config_dir","enable_output_schema_extensions","enable_output_generated_sdk"],"joinArgs":true,"shell":false,"port":9399} {"metadata":{"emulator":{"name":"dataconnect"},"message":"Starting Data Connect Emulator with command {\"binary\":\"/Users/amaymalviya/.cache/firebase/emulators/dataconnect-emulator-2.13.0\",\"args\":[\"--logtostderr\",\"-v=2\",\"dev\",\"--listen=localhost:50001\",\"--config_dir=/Users/amaymalviya/Documents/Development/MajorPP/pet_connect/dataconnect\",\"--enable_output_schema_extensions=true\",\"--enable_output_generated_sdk=true\"],\"optionalArgs\":[\"listen\",\"config_dir\",\"enable_output_schema_extensions\",\"enable_output_generated_sdk\"],\"joinArgs\":true,\"shell\":false,\"port\":9399}"}}
[info] i  dataconnect: Data Connect Emulator logging to dataconnect-debug.log {"metadata":{"emulator":{"name":"dataconnect"},"message":"Data Connect Emulator logging to dataconnect-debug.log"}}
[debug] [2025-10-06T13:29:05.759Z] <<< [apiv2][status] POST https://www.googleapis.com/oauth2/v3/token 200
[debug] [2025-10-06T13:29:05.759Z] <<< [apiv2][body] POST https://www.googleapis.com/oauth2/v3/token [omitted]
[debug] [2025-10-06T13:29:05.773Z] [Firebase Plugin] User found:  amaymalviya2@gmail.com
[info] [Firebase Plugin] (Core:Project) New user detected, fetching projects
[debug] [2025-10-06T13:29:05.774Z] Checked if tokens are valid: true, expires at: 1759760944760
[debug] [2025-10-06T13:29:05.774Z] >>> [apiv2][query] GET https://firebase.googleapis.com/v1beta1/projects pageSize=1000
[debug] [2025-10-06T13:29:06.034Z] I1006 18:59:06.032334    5646 load.go:31] Reloading schema and connectors...
 {"metadata":{"emulator":{"name":"dataconnect"},"message":"I1006 18:59:06.032334    5646 load.go:31] Reloading schema and connectors...\n"}}
[debug] [2025-10-06T13:29:06.405Z] I1006 18:59:06.083670    5646 control.go:94] [/emulator/petconnect db65] UpdateResources(): done
Schema: sources: schema/schema.gql [2088B] 
Connector "default": sources: connector/mutations.gql [1301B] connector/queries.gql [1947B] 
I1006 18:59:06.139549    5646 collector.go:107] schema extensions wrote into "/Users/amaymalviya/Documents/Development/MajorPP/pet_connect/dataconnect/.dataconnect/schema"
Generated sources: prelude.gql [73251B] 
I1006 18:59:06.140804    5646 load.go:109] Finished reloading
I1006 18:59:06.165054    5646 dev.go:102] Listening on address (HTTP + gRPC): 127.0.0.1:50001
 {"metadata":{"emulator":{"name":"dataconnect"},"message":"I1006 18:59:06.083670    5646 control.go:94] [/emulator/petconnect db65] UpdateResources(): done\nSchema: sources: schema/schema.gql [2088B] \nConnector \"default\": sources: connector/mutations.gql [1301B] connector/queries.gql [1947B] \nI1006 18:59:06.139549    5646 collector.go:107] schema extensions wrote into \"/Users/amaymalviya/Documents/Development/MajorPP/pet_connect/dataconnect/.dataconnect/schema\"\nGenerated sources: prelude.gql [73251B] \nI1006 18:59:06.140804    5646 load.go:109] Finished reloading\nI1006 18:59:06.165054    5646 dev.go:102] Listening on address (HTTP + gRPC): 127.0.0.1:50001\n"}}
[debug] [2025-10-06T13:29:06.581Z] <<< [apiv2][status] GET https://firebase.googleapis.com/v1beta1/projects 200
[debug] [2025-10-06T13:29:06.581Z] <<< [apiv2][body] GET https://firebase.googleapis.com/v1beta1/projects [omitted]
[debug] [2025-10-06T13:29:06.705Z] I1006 18:59:06.705201    5646 engine.go:169] [/emulator/petconnect db65] ExecuteGraphqlRead IntrospectionQuery: succeeded. 
 {"metadata":{"emulator":{"name":"dataconnect"},"message":"I1006 18:59:06.705201    5646 engine.go:169] [/emulator/petconnect db65] ExecuteGraphqlRead IntrospectionQuery: succeeded. \n"}}
[info] [Firebase Plugin] Stopping Data Connect toolkit
[warn] ⚠  Data Connect Emulator has exited upon receiving signal: SIGINT 
[debug] [2025-10-06T18:35:37.871Z] [Firebase Plugin] Activating Firebase extension.
[info] [Firebase Plugin] Checked firebase-tools, is up to date!
[debug] [2025-10-06T18:35:42.208Z] [Firebase Plugin] requireAuthWrapper
[debug] [2025-10-06T18:35:42.209Z] > command requires scopes: ["email","openid","https://www.googleapis.com/auth/cloudplatformprojects.readonly","https://www.googleapis.com/auth/firebase","https://www.googleapis.com/auth/cloud-platform"]
[debug] [2025-10-06T18:35:42.210Z] > authorizing via signed-in user (amaymalviya2@gmail.com)
[debug] [2025-10-06T18:35:42.214Z] Checked if tokens are valid: false, expires at: 1759760944760
[debug] [2025-10-06T18:35:42.214Z] Checked if tokens are valid: false, expires at: 1759760944760
[debug] [2025-10-06T18:35:42.214Z] > refreshing access token with scopes: []
[debug] [2025-10-06T18:35:42.216Z] >>> [apiv2][query] POST https://www.googleapis.com/oauth2/v3/token [none]
[debug] [2025-10-06T18:35:42.216Z] >>> [apiv2][body] POST https://www.googleapis.com/oauth2/v3/token [omitted]
[debug] [2025-10-06T18:35:42.226Z] [Firebase Plugin] VSCode notification server listening on port 40001
[info] [Firebase Plugin] Starting Data Connect toolkit (version 2.13.0) on port 50001
[debug] [2025-10-06T18:35:44.332Z] I1007 00:05:44.313365   71545 control.go:94] [/emulator/petconnect db2e] UpdateResources(): done
Schema: sources: schema/schema.gql [2088B] 
Connector "default": sources: connector/mutations.gql [1301B] connector/queries.gql [1947B] 
 {"metadata":{"emulator":{"name":"dataconnect"},"message":"I1007 00:05:44.313365   71545 control.go:94] [/emulator/petconnect db2e] UpdateResources(): done\nSchema: sources: schema/schema.gql [2088B] \nConnector \"default\": sources: connector/mutations.gql [1301B] connector/queries.gql [1947B] \n"}}
[debug] [2025-10-06T18:35:44.333Z] Ignoring unsupported arg: auto_download {"metadata":{"emulator":{"name":"dataconnect"},"message":"Ignoring unsupported arg: auto_download"}}
[debug] [2025-10-06T18:35:44.333Z] Ignoring unsupported arg: port {"metadata":{"emulator":{"name":"dataconnect"},"message":"Ignoring unsupported arg: port"}}
[debug] [2025-10-06T18:35:44.333Z] Starting Data Connect Emulator with command {"binary":"/Users/amaymalviya/.cache/firebase/emulators/dataconnect-emulator-2.13.0","args":["--logtostderr","-v=2","dev","--listen=localhost:50001","--config_dir=/Users/amaymalviya/Documents/Development/MajorPP/pet_connect/dataconnect","--enable_output_schema_extensions=true","--enable_output_generated_sdk=true"],"optionalArgs":["listen","config_dir","enable_output_schema_extensions","enable_output_generated_sdk"],"joinArgs":true,"shell":false,"port":9399} {"metadata":{"emulator":{"name":"dataconnect"},"message":"Starting Data Connect Emulator with command {\"binary\":\"/Users/amaymalviya/.cache/firebase/emulators/dataconnect-emulator-2.13.0\",\"args\":[\"--logtostderr\",\"-v=2\",\"dev\",\"--listen=localhost:50001\",\"--config_dir=/Users/amaymalviya/Documents/Development/MajorPP/pet_connect/dataconnect\",\"--enable_output_schema_extensions=true\",\"--enable_output_generated_sdk=true\"],\"optionalArgs\":[\"listen\",\"config_dir\",\"enable_output_schema_extensions\",\"enable_output_generated_sdk\"],\"joinArgs\":true,\"shell\":false,\"port\":9399}"}}
[info] i  dataconnect: Data Connect Emulator logging to dataconnect-debug.log {"metadata":{"emulator":{"name":"dataconnect"},"message":"Data Connect Emulator logging to dataconnect-debug.log"}}
[info] [Firebase Plugin] Stopping Data Connect toolkit
[warn] ⚠  Data Connect Emulator has exited upon receiving signal: SIGINT 
[debug] [2025-10-06T18:35:46.936Z] <<< [apiv2][status] POST https://www.googleapis.com/oauth2/v3/token 200
[debug] [2025-10-06T18:35:46.936Z] <<< [apiv2][body] POST https://www.googleapis.com/oauth2/v3/token [omitted]
[debug] [2025-10-06T18:35:46.958Z] [Firebase Plugin] User found:  amaymalviya2@gmail.com
[info] [Firebase Plugin] (Core:Project) New user detected, fetching projects
[debug] [2025-10-06T18:35:46.959Z] Checked if tokens are valid: true, expires at: 1759779345936
[debug] [2025-10-06T18:35:46.959Z] >>> [apiv2][query] GET https://firebase.googleapis.com/v1beta1/projects pageSize=1000
[debug] [2025-10-06T18:35:47.917Z] <<< [apiv2][status] GET https://firebase.googleapis.com/v1beta1/projects 200
[debug] [2025-10-06T18:35:47.918Z] <<< [apiv2][body] GET https://firebase.googleapis.com/v1beta1/projects [omitted]
[debug] [2025-10-06T18:35:56.932Z] [Firebase Plugin] Activating Firebase extension.
[info] [Firebase Plugin] Checked firebase-tools, is up to date!
[debug] [2025-10-06T18:36:00.832Z] [Firebase Plugin] requireAuthWrapper
[debug] [2025-10-06T18:36:00.833Z] > command requires scopes: ["email","openid","https://www.googleapis.com/auth/cloudplatformprojects.readonly","https://www.googleapis.com/auth/firebase","https://www.googleapis.com/auth/cloud-platform"]
[debug] [2025-10-06T18:36:00.833Z] > authorizing via signed-in user (amaymalviya2@gmail.com)
[debug] [2025-10-06T18:36:00.838Z] Checked if tokens are valid: true, expires at: 1759779345936
[debug] [2025-10-06T18:36:00.838Z] Checked if tokens are valid: true, expires at: 1759779345936
[debug] [2025-10-06T18:36:00.838Z] [Firebase Plugin] User found:  amaymalviya2@gmail.com
[info] [Firebase Plugin] (Core:Project) New user detected, fetching projects
[debug] [2025-10-06T18:36:00.839Z] Checked if tokens are valid: true, expires at: 1759779345936
[debug] [2025-10-06T18:36:00.841Z] >>> [apiv2][query] GET https://firebase.googleapis.com/v1beta1/projects pageSize=1000
[debug] [2025-10-06T18:36:00.848Z] [Firebase Plugin] VSCode notification server listening on port 40001
[info] [Firebase Plugin] Starting Data Connect toolkit (version 2.13.0) on port 50001
[debug] [2025-10-06T18:36:02.751Z] I1007 00:06:02.733574   71953 control.go:94] [/emulator/petconnect dbb0] UpdateResources(): done
Schema: sources: schema/schema.gql [2088B] 
Connector "default": sources: connector/mutations.gql [1301B] connector/queries.gql [1947B] 
 {"metadata":{"emulator":{"name":"dataconnect"},"message":"I1007 00:06:02.733574   71953 control.go:94] [/emulator/petconnect dbb0] UpdateResources(): done\nSchema: sources: schema/schema.gql [2088B] \nConnector \"default\": sources: connector/mutations.gql [1301B] connector/queries.gql [1947B] \n"}}
[debug] [2025-10-06T18:36:02.752Z] Ignoring unsupported arg: auto_download {"metadata":{"emulator":{"name":"dataconnect"},"message":"Ignoring unsupported arg: auto_download"}}
[debug] [2025-10-06T18:36:02.752Z] Ignoring unsupported arg: port {"metadata":{"emulator":{"name":"dataconnect"},"message":"Ignoring unsupported arg: port"}}
[debug] [2025-10-06T18:36:02.752Z] Starting Data Connect Emulator with command {"binary":"/Users/amaymalviya/.cache/firebase/emulators/dataconnect-emulator-2.13.0","args":["--logtostderr","-v=2","dev","--listen=localhost:50001","--config_dir=/Users/amaymalviya/Documents/Development/MajorPP/pet_connect/dataconnect","--enable_output_schema_extensions=true","--enable_output_generated_sdk=true"],"optionalArgs":["listen","config_dir","enable_output_schema_extensions","enable_output_generated_sdk"],"joinArgs":true,"shell":false,"port":9399} {"metadata":{"emulator":{"name":"dataconnect"},"message":"Starting Data Connect Emulator with command {\"binary\":\"/Users/amaymalviya/.cache/firebase/emulators/dataconnect-emulator-2.13.0\",\"args\":[\"--logtostderr\",\"-v=2\",\"dev\",\"--listen=localhost:50001\",\"--config_dir=/Users/amaymalviya/Documents/Development/MajorPP/pet_connect/dataconnect\",\"--enable_output_schema_extensions=true\",\"--enable_output_generated_sdk=true\"],\"optionalArgs\":[\"listen\",\"config_dir\",\"enable_output_schema_extensions\",\"enable_output_generated_sdk\"],\"joinArgs\":true,\"shell\":false,\"port\":9399}"}}
[info] i  dataconnect: Data Connect Emulator logging to dataconnect-debug.log {"metadata":{"emulator":{"name":"dataconnect"},"message":"Data Connect Emulator logging to dataconnect-debug.log"}}
[debug] [2025-10-06T18:36:02.804Z] <<< [apiv2][status] GET https://firebase.googleapis.com/v1beta1/projects 200
[debug] [2025-10-06T18:36:02.804Z] <<< [apiv2][body] GET https://firebase.googleapis.com/v1beta1/projects [omitted]
[debug] [2025-10-06T18:36:03.121Z] I1007 00:06:03.115888   71959 load.go:31] Reloading schema and connectors...
 {"metadata":{"emulator":{"name":"dataconnect"},"message":"I1007 00:06:03.115888   71959 load.go:31] Reloading schema and connectors...\n"}}
[debug] [2025-10-06T18:36:03.191Z] I1007 00:06:03.191128   71959 control.go:94] [/emulator/petconnect a527] UpdateResources(): done
Schema: sources: schema/schema.gql [2088B] 
Connector "default": sources: connector/mutations.gql [1301B] connector/queries.gql [1947B] 
 {"metadata":{"emulator":{"name":"dataconnect"},"message":"I1007 00:06:03.191128   71959 control.go:94] [/emulator/petconnect a527] UpdateResources(): done\nSchema: sources: schema/schema.gql [2088B] \nConnector \"default\": sources: connector/mutations.gql [1301B] connector/queries.gql [1947B] \n"}}
[debug] [2025-10-06T18:36:03.236Z] I1007 00:06:03.235209   71959 collector.go:107] schema extensions wrote into "/Users/amaymalviya/Documents/Development/MajorPP/pet_connect/dataconnect/.dataconnect/schema"
Generated sources: prelude.gql [73251B] 
 {"metadata":{"emulator":{"name":"dataconnect"},"message":"I1007 00:06:03.235209   71959 collector.go:107] schema extensions wrote into \"/Users/amaymalviya/Documents/Development/MajorPP/pet_connect/dataconnect/.dataconnect/schema\"\nGenerated sources: prelude.gql [73251B] \n"}}
[debug] [2025-10-06T18:36:03.237Z] I1007 00:06:03.235788   71959 load.go:109] Finished reloading
 {"metadata":{"emulator":{"name":"dataconnect"},"message":"I1007 00:06:03.235788   71959 load.go:109] Finished reloading\n"}}
[debug] [2025-10-06T18:36:03.253Z] I1007 00:06:03.251952   71959 dev.go:102] Listening on address (HTTP + gRPC): 127.0.0.1:50001
 {"metadata":{"emulator":{"name":"dataconnect"},"message":"I1007 00:06:03.251952   71959 dev.go:102] Listening on address (HTTP + gRPC): 127.0.0.1:50001\n"}}
[debug] [2025-10-06T18:36:03.895Z] I1007 00:06:03.665711   71959 engine.go:169] [/emulator/petconnect a527] ExecuteGraphqlRead IntrospectionQuery: succeeded. 
 {"metadata":{"emulator":{"name":"dataconnect"},"message":"I1007 00:06:03.665711   71959 engine.go:169] [/emulator/petconnect a527] ExecuteGraphqlRead IntrospectionQuery: succeeded. \n"}}
[info] [Firebase Plugin] Stopping Data Connect toolkit
[warn] ⚠  Data Connect Emulator has exited upon receiving signal: SIGINT 
[debug] [2025-10-07T14:28:18.996Z] [Firebase Plugin] Activating Firebase extension.
[info] [Firebase Plugin] Checked firebase-tools, is up to date!
[debug] [2025-10-07T14:28:22.858Z] [Firebase Plugin] requireAuthWrapper
[debug] [2025-10-07T14:28:22.859Z] > command requires scopes: ["email","openid","https://www.googleapis.com/auth/cloudplatformprojects.readonly","https://www.googleapis.com/auth/firebase","https://www.googleapis.com/auth/cloud-platform"]
[debug] [2025-10-07T14:28:22.860Z] > authorizing via signed-in user (amaymalviya2@gmail.com)
[debug] [2025-10-07T14:28:22.863Z] Checked if tokens are valid: false, expires at: 1759779345936
[debug] [2025-10-07T14:28:22.863Z] Checked if tokens are valid: false, expires at: 1759779345936
[debug] [2025-10-07T14:28:22.864Z] > refreshing access token with scopes: []
[debug] [2025-10-07T14:28:22.865Z] >>> [apiv2][query] POST https://www.googleapis.com/oauth2/v3/token [none]
[debug] [2025-10-07T14:28:22.865Z] >>> [apiv2][body] POST https://www.googleapis.com/oauth2/v3/token [omitted]
[debug] [2025-10-07T14:28:22.872Z] [Firebase Plugin] VSCode notification server listening on port 40001
[debug] [2025-10-07T14:28:23.157Z] <<< [apiv2][status] POST https://www.googleapis.com/oauth2/v3/token 200
[debug] [2025-10-07T14:28:23.157Z] <<< [apiv2][body] POST https://www.googleapis.com/oauth2/v3/token [omitted]
[debug] [2025-10-07T14:28:23.170Z] [Firebase Plugin] User found:  amaymalviya2@gmail.com
[info] [Firebase Plugin] (Core:Project) New user detected, fetching projects
[debug] [2025-10-07T14:28:23.171Z] Checked if tokens are valid: true, expires at: 1759850902157
[debug] [2025-10-07T14:28:23.172Z] >>> [apiv2][query] GET https://firebase.googleapis.com/v1beta1/projects pageSize=1000
[info] [Firebase Plugin] Starting Data Connect toolkit (version 2.13.0) on port 50001
[debug] [2025-10-07T14:28:25.605Z] I1007 19:58:25.570073   93688 control.go:94] [/emulator/petconnect 0ca0] UpdateResources(): done
Schema: sources: schema/schema.gql [2088B] 
Connector "default": sources: connector/mutations.gql [1301B] connector/queries.gql [1947B] 
 {"metadata":{"emulator":{"name":"dataconnect"},"message":"I1007 19:58:25.570073   93688 control.go:94] [/emulator/petconnect 0ca0] UpdateResources(): done\nSchema: sources: schema/schema.gql [2088B] \nConnector \"default\": sources: connector/mutations.gql [1301B] connector/queries.gql [1947B] \n"}}
[debug] [2025-10-07T14:28:25.609Z] Ignoring unsupported arg: auto_download {"metadata":{"emulator":{"name":"dataconnect"},"message":"Ignoring unsupported arg: auto_download"}}
[debug] [2025-10-07T14:28:25.609Z] Ignoring unsupported arg: port {"metadata":{"emulator":{"name":"dataconnect"},"message":"Ignoring unsupported arg: port"}}
[debug] [2025-10-07T14:28:25.610Z] Starting Data Connect Emulator with command {"binary":"/Users/amaymalviya/.cache/firebase/emulators/dataconnect-emulator-2.13.0","args":["--logtostderr","-v=2","dev","--listen=localhost:50001","--config_dir=/Users/amaymalviya/Documents/Development/MajorPP/pet_connect/dataconnect","--enable_output_schema_extensions=true","--enable_output_generated_sdk=true"],"optionalArgs":["listen","config_dir","enable_output_schema_extensions","enable_output_generated_sdk"],"joinArgs":true,"shell":false,"port":9399} {"metadata":{"emulator":{"name":"dataconnect"},"message":"Starting Data Connect Emulator with command {\"binary\":\"/Users/amaymalviya/.cache/firebase/emulators/dataconnect-emulator-2.13.0\",\"args\":[\"--logtostderr\",\"-v=2\",\"dev\",\"--listen=localhost:50001\",\"--config_dir=/Users/amaymalviya/Documents/Development/MajorPP/pet_connect/dataconnect\",\"--enable_output_schema_extensions=true\",\"--enable_output_generated_sdk=true\"],\"optionalArgs\":[\"listen\",\"config_dir\",\"enable_output_schema_extensions\",\"enable_output_generated_sdk\"],\"joinArgs\":true,\"shell\":false,\"port\":9399}"}}
[info] i  dataconnect: Data Connect Emulator logging to dataconnect-debug.log {"metadata":{"emulator":{"name":"dataconnect"},"message":"Data Connect Emulator logging to dataconnect-debug.log"}}
[debug] [2025-10-07T14:28:26.245Z] I1007 19:58:26.242860   93695 load.go:31] Reloading schema and connectors...
 {"metadata":{"emulator":{"name":"dataconnect"},"message":"I1007 19:58:26.242860   93695 load.go:31] Reloading schema and connectors...\n"}}
[debug] [2025-10-07T14:28:26.308Z] I1007 19:58:26.308541   93695 control.go:94] [/emulator/petconnect 54fa] UpdateResources(): done
Schema: sources: schema/schema.gql [2088B] 
Connector "default": sources: connector/mutations.gql [1301B] connector/queries.gql [1947B] 
 {"metadata":{"emulator":{"name":"dataconnect"},"message":"I1007 19:58:26.308541   93695 control.go:94] [/emulator/petconnect 54fa] UpdateResources(): done\nSchema: sources: schema/schema.gql [2088B] \nConnector \"default\": sources: connector/mutations.gql [1301B] connector/queries.gql [1947B] \n"}}
[debug] [2025-10-07T14:28:26.346Z] I1007 19:58:26.345306   93695 collector.go:107] schema extensions wrote into "/Users/amaymalviya/Documents/Development/MajorPP/pet_connect/dataconnect/.dataconnect/schema"
Generated sources: prelude.gql [73251B] 
 {"metadata":{"emulator":{"name":"dataconnect"},"message":"I1007 19:58:26.345306   93695 collector.go:107] schema extensions wrote into \"/Users/amaymalviya/Documents/Development/MajorPP/pet_connect/dataconnect/.dataconnect/schema\"\nGenerated sources: prelude.gql [73251B] \n"}}
[debug] [2025-10-07T14:28:26.346Z] I1007 19:58:26.346423   93695 load.go:109] Finished reloading
 {"metadata":{"emulator":{"name":"dataconnect"},"message":"I1007 19:58:26.346423   93695 load.go:109] Finished reloading\n"}}
[debug] [2025-10-07T14:28:26.373Z] I1007 19:58:26.372308   93695 dev.go:102] Listening on address (HTTP + gRPC): 127.0.0.1:50001
 {"metadata":{"emulator":{"name":"dataconnect"},"message":"I1007 19:58:26.372308   93695 dev.go:102] Listening on address (HTTP + gRPC): 127.0.0.1:50001\n"}}
[debug] [2025-10-07T14:28:26.716Z] <<< [apiv2][status] GET https://firebase.googleapis.com/v1beta1/projects 200
[debug] [2025-10-07T14:28:26.716Z] <<< [apiv2][body] GET https://firebase.googleapis.com/v1beta1/projects [omitted]
[debug] [2025-10-07T14:28:34.164Z] I1007 19:58:34.163668   93695 engine.go:169] [/emulator/petconnect 54fa] ExecuteGraphqlRead IntrospectionQuery: succeeded. 
 {"metadata":{"emulator":{"name":"dataconnect"},"message":"I1007 19:58:34.163668   93695 engine.go:169] [/emulator/petconnect 54fa] ExecuteGraphqlRead IntrospectionQuery: succeeded. \n"}}
[info] [Firebase Plugin] Stopping Data Connect toolkit
[warn] ⚠  Data Connect Emulator has exited upon receiving signal: SIGINT 
[debug] [2025-10-08T06:30:12.888Z] [Firebase Plugin] Activating Firebase extension.
[debug] [2025-10-08T06:30:16.980Z] [Firebase Plugin] requireAuthWrapper
[debug] [2025-10-08T06:30:16.982Z] > command requires scopes: ["email","openid","https://www.googleapis.com/auth/cloudplatformprojects.readonly","https://www.googleapis.com/auth/firebase","https://www.googleapis.com/auth/cloud-platform"]
[debug] [2025-10-08T06:30:16.982Z] > authorizing via signed-in user (amaymalviya2@gmail.com)
[debug] [2025-10-08T06:30:16.986Z] Checked if tokens are valid: false, expires at: 1759850902157
[debug] [2025-10-08T06:30:16.987Z] Checked if tokens are valid: false, expires at: 1759850902157
[debug] [2025-10-08T06:30:16.987Z] > refreshing access token with scopes: []
[debug] [2025-10-08T06:30:16.988Z] >>> [apiv2][query] POST https://www.googleapis.com/oauth2/v3/token [none]
[debug] [2025-10-08T06:30:16.989Z] >>> [apiv2][body] POST https://www.googleapis.com/oauth2/v3/token [omitted]
[debug] [2025-10-08T06:30:16.996Z] [Firebase Plugin] VSCode notification server listening on port 40001
[info] [Firebase Plugin] Starting Data Connect toolkit (version 2.13.0) on port 50001
[debug] [2025-10-08T06:30:20.541Z] I1008 12:00:20.404687   10329 control.go:94] [/emulator/petconnect e9ad] UpdateResources(): done
Schema: sources: schema/schema.gql [2088B] 
Connector "default": sources: connector/queries.gql [1947B] connector/mutations.gql [1301B] 
 {"metadata":{"emulator":{"name":"dataconnect"},"message":"I1008 12:00:20.404687   10329 control.go:94] [/emulator/petconnect e9ad] UpdateResources(): done\nSchema: sources: schema/schema.gql [2088B] \nConnector \"default\": sources: connector/queries.gql [1947B] connector/mutations.gql [1301B] \n"}}
[debug] [2025-10-08T06:30:20.950Z] Ignoring unsupported arg: auto_download {"metadata":{"emulator":{"name":"dataconnect"},"message":"Ignoring unsupported arg: auto_download"}}
[debug] [2025-10-08T06:30:20.951Z] Ignoring unsupported arg: port {"metadata":{"emulator":{"name":"dataconnect"},"message":"Ignoring unsupported arg: port"}}
[debug] [2025-10-08T06:30:20.951Z] Starting Data Connect Emulator with command {"binary":"/Users/amaymalviya/.cache/firebase/emulators/dataconnect-emulator-2.13.0","args":["--logtostderr","-v=2","dev","--listen=localhost:50001","--config_dir=/Users/amaymalviya/Documents/Development/MajorPP/pet_connect/dataconnect","--enable_output_schema_extensions=true","--enable_output_generated_sdk=true"],"optionalArgs":["listen","config_dir","enable_output_schema_extensions","enable_output_generated_sdk"],"joinArgs":true,"shell":false,"port":9399} {"metadata":{"emulator":{"name":"dataconnect"},"message":"Starting Data Connect Emulator with command {\"binary\":\"/Users/amaymalviya/.cache/firebase/emulators/dataconnect-emulator-2.13.0\",\"args\":[\"--logtostderr\",\"-v=2\",\"dev\",\"--listen=localhost:50001\",\"--config_dir=/Users/amaymalviya/Documents/Development/MajorPP/pet_connect/dataconnect\",\"--enable_output_schema_extensions=true\",\"--enable_output_generated_sdk=true\"],\"optionalArgs\":[\"listen\",\"config_dir\",\"enable_output_schema_extensions\",\"enable_output_generated_sdk\"],\"joinArgs\":true,\"shell\":false,\"port\":9399}"}}
[info] i  dataconnect: Data Connect Emulator logging to dataconnect-debug.log {"metadata":{"emulator":{"name":"dataconnect"},"message":"Data Connect Emulator logging to dataconnect-debug.log"}}
[debug] [2025-10-08T06:30:21.108Z] <<< [apiv2][status] POST https://www.googleapis.com/oauth2/v3/token 200
[debug] [2025-10-08T06:30:21.108Z] <<< [apiv2][body] POST https://www.googleapis.com/oauth2/v3/token [omitted]
[debug] [2025-10-08T06:30:21.145Z] [Firebase Plugin] User found:  amaymalviya2@gmail.com
[info] [Firebase Plugin] (Core:Project) New user detected, fetching projects
[debug] [2025-10-08T06:30:21.145Z] Checked if tokens are valid: true, expires at: 1759908620108
[debug] [2025-10-08T06:30:21.146Z] >>> [apiv2][query] GET https://firebase.googleapis.com/v1beta1/projects pageSize=1000
[debug] [2025-10-08T06:30:21.405Z] I1008 12:00:21.401117   10335 load.go:31] Reloading schema and connectors...
 {"metadata":{"emulator":{"name":"dataconnect"},"message":"I1008 12:00:21.401117   10335 load.go:31] Reloading schema and connectors...\n"}}
[debug] [2025-10-08T06:30:21.501Z] I1008 12:00:21.500804   10335 control.go:94] [/emulator/petconnect 75f4] UpdateResources(): done
Schema: sources: schema/schema.gql [2088B] 
Connector "default": sources: connector/mutations.gql [1301B] connector/queries.gql [1947B] 
 {"metadata":{"emulator":{"name":"dataconnect"},"message":"I1008 12:00:21.500804   10335 control.go:94] [/emulator/petconnect 75f4] UpdateResources(): done\nSchema: sources: schema/schema.gql [2088B] \nConnector \"default\": sources: connector/mutations.gql [1301B] connector/queries.gql [1947B] \n"}}
[debug] [2025-10-08T06:30:21.543Z] I1008 12:00:21.543111   10335 collector.go:107] schema extensions wrote into "/Users/amaymalviya/Documents/Development/MajorPP/pet_connect/dataconnect/.dataconnect/schema"
Generated sources: prelude.gql [73251B] 
 {"metadata":{"emulator":{"name":"dataconnect"},"message":"I1008 12:00:21.543111   10335 collector.go:107] schema extensions wrote into \"/Users/amaymalviya/Documents/Development/MajorPP/pet_connect/dataconnect/.dataconnect/schema\"\nGenerated sources: prelude.gql [73251B] \n"}}
[debug] [2025-10-08T06:30:21.544Z] I1008 12:00:21.543931   10335 load.go:109] Finished reloading
 {"metadata":{"emulator":{"name":"dataconnect"},"message":"I1008 12:00:21.543931   10335 load.go:109] Finished reloading\n"}}
[debug] [2025-10-08T06:30:21.558Z] I1008 12:00:21.557068   10335 dev.go:102] Listening on address (HTTP + gRPC): 127.0.0.1:50001
 {"metadata":{"emulator":{"name":"dataconnect"},"message":"I1008 12:00:21.557068   10335 dev.go:102] Listening on address (HTTP + gRPC): 127.0.0.1:50001\n"}}
[debug] [2025-10-08T06:30:21.797Z] I1008 12:00:21.797164   10335 engine.go:169] [/emulator/petconnect 75f4] ExecuteGraphqlRead IntrospectionQuery: succeeded. 
 {"metadata":{"emulator":{"name":"dataconnect"},"message":"I1008 12:00:21.797164   10335 engine.go:169] [/emulator/petconnect 75f4] ExecuteGraphqlRead IntrospectionQuery: succeeded. \n"}}
[debug] [2025-10-08T06:30:21.857Z] <<< [apiv2][status] GET https://firebase.googleapis.com/v1beta1/projects 200
[debug] [2025-10-08T06:30:21.857Z] <<< [apiv2][body] GET https://firebase.googleapis.com/v1beta1/projects [omitted]
[info] [Firebase Plugin] Stopping Data Connect toolkit
[warn] ⚠  Data Connect Emulator has exited upon receiving signal: SIGINT 
[debug] [2025-10-08T07:54:09.406Z] [Firebase Plugin] Activating Firebase extension.
[debug] [2025-10-08T07:54:13.809Z] [Firebase Plugin] requireAuthWrapper
[debug] [2025-10-08T07:54:13.811Z] > command requires scopes: ["email","openid","https://www.googleapis.com/auth/cloudplatformprojects.readonly","https://www.googleapis.com/auth/firebase","https://www.googleapis.com/auth/cloud-platform"]
[debug] [2025-10-08T07:54:13.811Z] > authorizing via signed-in user (amaymalviya2@gmail.com)
[debug] [2025-10-08T07:54:13.815Z] Checked if tokens are valid: false, expires at: 1759908620108
[debug] [2025-10-08T07:54:13.815Z] Checked if tokens are valid: false, expires at: 1759908620108
[debug] [2025-10-08T07:54:13.815Z] > refreshing access token with scopes: []
[debug] [2025-10-08T07:54:13.817Z] >>> [apiv2][query] POST https://www.googleapis.com/oauth2/v3/token [none]
[debug] [2025-10-08T07:54:13.817Z] >>> [apiv2][body] POST https://www.googleapis.com/oauth2/v3/token [omitted]
[debug] [2025-10-08T07:54:13.825Z] [Firebase Plugin] VSCode notification server listening on port 40001
[info] [Firebase Plugin] Starting Data Connect toolkit (version 2.13.0) on port 50001
[debug] [2025-10-08T07:54:15.874Z] I1008 13:24:15.858360   28978 control.go:94] [/emulator/petconnect 1f6f] UpdateResources(): done
Schema: sources: schema/schema.gql [2088B] 
Connector "default": sources: connector/mutations.gql [1301B] connector/queries.gql [1947B] 
 {"metadata":{"emulator":{"name":"dataconnect"},"message":"I1008 13:24:15.858360   28978 control.go:94] [/emulator/petconnect 1f6f] UpdateResources(): done\nSchema: sources: schema/schema.gql [2088B] \nConnector \"default\": sources: connector/mutations.gql [1301B] connector/queries.gql [1947B] \n"}}
[debug] [2025-10-08T07:54:15.920Z] Ignoring unsupported arg: auto_download {"metadata":{"emulator":{"name":"dataconnect"},"message":"Ignoring unsupported arg: auto_download"}}
[debug] [2025-10-08T07:54:15.920Z] Ignoring unsupported arg: port {"metadata":{"emulator":{"name":"dataconnect"},"message":"Ignoring unsupported arg: port"}}
[debug] [2025-10-08T07:54:15.920Z] Starting Data Connect Emulator with command {"binary":"/Users/amaymalviya/.cache/firebase/emulators/dataconnect-emulator-2.13.0","args":["--logtostderr","-v=2","dev","--listen=localhost:50001","--config_dir=/Users/amaymalviya/Documents/Development/MajorPP/pet_connect/dataconnect","--enable_output_schema_extensions=true","--enable_output_generated_sdk=true"],"optionalArgs":["listen","config_dir","enable_output_schema_extensions","enable_output_generated_sdk"],"joinArgs":true,"shell":false,"port":9399} {"metadata":{"emulator":{"name":"dataconnect"},"message":"Starting Data Connect Emulator with command {\"binary\":\"/Users/amaymalviya/.cache/firebase/emulators/dataconnect-emulator-2.13.0\",\"args\":[\"--logtostderr\",\"-v=2\",\"dev\",\"--listen=localhost:50001\",\"--config_dir=/Users/amaymalviya/Documents/Development/MajorPP/pet_connect/dataconnect\",\"--enable_output_schema_extensions=true\",\"--enable_output_generated_sdk=true\"],\"optionalArgs\":[\"listen\",\"config_dir\",\"enable_output_schema_extensions\",\"enable_output_generated_sdk\"],\"joinArgs\":true,\"shell\":false,\"port\":9399}"}}
[info] i  dataconnect: Data Connect Emulator logging to dataconnect-debug.log {"metadata":{"emulator":{"name":"dataconnect"},"message":"Data Connect Emulator logging to dataconnect-debug.log"}}
[debug] [2025-10-08T07:54:16.011Z] <<< [apiv2][status] POST https://www.googleapis.com/oauth2/v3/token 200
[debug] [2025-10-08T07:54:16.012Z] <<< [apiv2][body] POST https://www.googleapis.com/oauth2/v3/token [omitted]
[debug] [2025-10-08T07:54:16.027Z] [Firebase Plugin] User found:  amaymalviya2@gmail.com
[info] [Firebase Plugin] (Core:Project) New user detected, fetching projects
[debug] [2025-10-08T07:54:16.028Z] Checked if tokens are valid: true, expires at: 1759913655012
[debug] [2025-10-08T07:54:16.028Z] >>> [apiv2][query] GET https://firebase.googleapis.com/v1beta1/projects pageSize=1000
[debug] [2025-10-08T07:54:16.217Z] I1008 13:24:16.215963   28983 load.go:31] Reloading schema and connectors...
 {"metadata":{"emulator":{"name":"dataconnect"},"message":"I1008 13:24:16.215963   28983 load.go:31] Reloading schema and connectors...\n"}}
[debug] [2025-10-08T07:54:16.248Z] I1008 13:24:16.248311   28983 control.go:94] [/emulator/petconnect e031] UpdateResources(): done
Schema: sources: schema/schema.gql [2088B] 
Connector "default": sources: connector/mutations.gql [1301B] connector/queries.gql [1947B] 
 {"metadata":{"emulator":{"name":"dataconnect"},"message":"I1008 13:24:16.248311   28983 control.go:94] [/emulator/petconnect e031] UpdateResources(): done\nSchema: sources: schema/schema.gql [2088B] \nConnector \"default\": sources: connector/mutations.gql [1301B] connector/queries.gql [1947B] \n"}}
[debug] [2025-10-08T07:54:16.270Z] I1008 13:24:16.269935   28983 collector.go:107] schema extensions wrote into "/Users/amaymalviya/Documents/Development/MajorPP/pet_connect/dataconnect/.dataconnect/schema"
Generated sources: prelude.gql [73251B] 
 {"metadata":{"emulator":{"name":"dataconnect"},"message":"I1008 13:24:16.269935   28983 collector.go:107] schema extensions wrote into \"/Users/amaymalviya/Documents/Development/MajorPP/pet_connect/dataconnect/.dataconnect/schema\"\nGenerated sources: prelude.gql [73251B] \n"}}
[debug] [2025-10-08T07:54:16.270Z] I1008 13:24:16.270588   28983 load.go:109] Finished reloading
 {"metadata":{"emulator":{"name":"dataconnect"},"message":"I1008 13:24:16.270588   28983 load.go:109] Finished reloading\n"}}
[debug] [2025-10-08T07:54:16.280Z] I1008 13:24:16.280126   28983 dev.go:102] Listening on address (HTTP + gRPC): 127.0.0.1:50001
 {"metadata":{"emulator":{"name":"dataconnect"},"message":"I1008 13:24:16.280126   28983 dev.go:102] Listening on address (HTTP + gRPC): 127.0.0.1:50001\n"}}
[debug] [2025-10-08T07:54:16.814Z] <<< [apiv2][status] GET https://firebase.googleapis.com/v1beta1/projects 200
[debug] [2025-10-08T07:54:16.814Z] <<< [apiv2][body] GET https://firebase.googleapis.com/v1beta1/projects [omitted]
[debug] [2025-10-08T07:54:21.497Z] I1008 13:24:21.497229   28983 engine.go:169] [/emulator/petconnect e031] ExecuteGraphqlRead IntrospectionQuery: succeeded. 
 {"metadata":{"emulator":{"name":"dataconnect"},"message":"I1008 13:24:21.497229   28983 engine.go:169] [/emulator/petconnect e031] ExecuteGraphqlRead IntrospectionQuery: succeeded. \n"}}
[info] [Firebase Plugin] Stopping Data Connect toolkit
[warn] ⚠  Data Connect Emulator has exited upon receiving signal: SIGINT 
[debug] [2025-10-12T16:35:40.860Z] [Firebase Plugin] Activating Firebase extension.
[debug] [2025-10-12T16:35:47.165Z] [Firebase Plugin] requireAuthWrapper
[debug] [2025-10-12T16:35:47.166Z] > command requires scopes: ["email","openid","https://www.googleapis.com/auth/cloudplatformprojects.readonly","https://www.googleapis.com/auth/firebase","https://www.googleapis.com/auth/cloud-platform"]
[debug] [2025-10-12T16:35:47.167Z] > authorizing via signed-in user (amaymalviya2@gmail.com)
[debug] [2025-10-12T16:35:47.700Z] Checked if tokens are valid: false, expires at: 1759913655012
[debug] [2025-10-12T16:35:47.700Z] Checked if tokens are valid: false, expires at: 1759913655012
[debug] [2025-10-12T16:35:47.700Z] > refreshing access token with scopes: []
[debug] [2025-10-12T16:35:47.701Z] >>> [apiv2][query] POST https://www.googleapis.com/oauth2/v3/token [none]
[debug] [2025-10-12T16:35:47.702Z] >>> [apiv2][body] POST https://www.googleapis.com/oauth2/v3/token [omitted]
[debug] [2025-10-12T16:35:47.707Z] [Firebase Plugin] VSCode notification server listening on port 40001
[info] [Firebase Plugin] Starting Data Connect toolkit (version 2.13.0) on port 50001
[debug] [2025-10-12T16:35:50.426Z] I1012 22:05:50.409067   51924 control.go:94] [/emulator/petconnect 996a] UpdateResources(): done
Schema: sources: schema/schema.gql [2088B] 
Connector "default": sources: connector/mutations.gql [1301B] connector/queries.gql [1947B] 
 {"metadata":{"emulator":{"name":"dataconnect"},"message":"I1012 22:05:50.409067   51924 control.go:94] [/emulator/petconnect 996a] UpdateResources(): done\nSchema: sources: schema/schema.gql [2088B] \nConnector \"default\": sources: connector/mutations.gql [1301B] connector/queries.gql [1947B] \n"}}
[debug] [2025-10-12T16:35:50.512Z] Ignoring unsupported arg: auto_download {"metadata":{"emulator":{"name":"dataconnect"},"message":"Ignoring unsupported arg: auto_download"}}
[debug] [2025-10-12T16:35:50.512Z] Ignoring unsupported arg: port {"metadata":{"emulator":{"name":"dataconnect"},"message":"Ignoring unsupported arg: port"}}
[debug] [2025-10-12T16:35:50.512Z] Starting Data Connect Emulator with command {"binary":"/Users/amaymalviya/.cache/firebase/emulators/dataconnect-emulator-2.13.0","args":["--logtostderr","-v=2","dev","--listen=localhost:50001","--config_dir=/Users/amaymalviya/Documents/Development/MajorPP/pet_connect/dataconnect","--enable_output_schema_extensions=true","--enable_output_generated_sdk=true"],"optionalArgs":["listen","config_dir","enable_output_schema_extensions","enable_output_generated_sdk"],"joinArgs":true,"shell":false,"port":9399} {"metadata":{"emulator":{"name":"dataconnect"},"message":"Starting Data Connect Emulator with command {\"binary\":\"/Users/amaymalviya/.cache/firebase/emulators/dataconnect-emulator-2.13.0\",\"args\":[\"--logtostderr\",\"-v=2\",\"dev\",\"--listen=localhost:50001\",\"--config_dir=/Users/amaymalviya/Documents/Development/MajorPP/pet_connect/dataconnect\",\"--enable_output_schema_extensions=true\",\"--enable_output_generated_sdk=true\"],\"optionalArgs\":[\"listen\",\"config_dir\",\"enable_output_schema_extensions\",\"enable_output_generated_sdk\"],\"joinArgs\":true,\"shell\":false,\"port\":9399}"}}
[info] i  dataconnect: Data Connect Emulator logging to dataconnect-debug.log {"metadata":{"emulator":{"name":"dataconnect"},"message":"Data Connect Emulator logging to dataconnect-debug.log"}}
[debug] [2025-10-12T16:35:50.557Z] <<< [apiv2][status] POST https://www.googleapis.com/oauth2/v3/token 200
[debug] [2025-10-12T16:35:50.557Z] <<< [apiv2][body] POST https://www.googleapis.com/oauth2/v3/token [omitted]
[debug] [2025-10-12T16:35:50.576Z] [Firebase Plugin] User found:  amaymalviya2@gmail.com
[info] [Firebase Plugin] (Core:Project) New user detected, fetching projects
[debug] [2025-10-12T16:35:50.577Z] Checked if tokens are valid: true, expires at: 1760290549557
[debug] [2025-10-12T16:35:50.578Z] >>> [apiv2][query] GET https://firebase.googleapis.com/v1beta1/projects pageSize=1000
[debug] [2025-10-12T16:35:51.139Z] I1012 22:05:51.137770   51942 load.go:31] Reloading schema and connectors...
 {"metadata":{"emulator":{"name":"dataconnect"},"message":"I1012 22:05:51.137770   51942 load.go:31] Reloading schema and connectors...\n"}}
[debug] [2025-10-12T16:35:51.187Z] I1012 22:05:51.186917   51942 control.go:94] [/emulator/petconnect 0d4e] UpdateResources(): done
Schema: sources: schema/schema.gql [2088B] 
Connector "default": sources: connector/mutations.gql [1301B] connector/queries.gql [1947B] 
 {"metadata":{"emulator":{"name":"dataconnect"},"message":"I1012 22:05:51.186917   51942 control.go:94] [/emulator/petconnect 0d4e] UpdateResources(): done\nSchema: sources: schema/schema.gql [2088B] \nConnector \"default\": sources: connector/mutations.gql [1301B] connector/queries.gql [1947B] \n"}}
[debug] [2025-10-12T16:35:51.221Z] I1012 22:05:51.220952   51942 collector.go:107] schema extensions wrote into "/Users/amaymalviya/Documents/Development/MajorPP/pet_connect/dataconnect/.dataconnect/schema"
Generated sources: prelude.gql [73251B] 
 {"metadata":{"emulator":{"name":"dataconnect"},"message":"I1012 22:05:51.220952   51942 collector.go:107] schema extensions wrote into \"/Users/amaymalviya/Documents/Development/MajorPP/pet_connect/dataconnect/.dataconnect/schema\"\nGenerated sources: prelude.gql [73251B] \n"}}
[debug] [2025-10-12T16:35:51.221Z] I1012 22:05:51.221474   51942 load.go:109] Finished reloading
 {"metadata":{"emulator":{"name":"dataconnect"},"message":"I1012 22:05:51.221474   51942 load.go:109] Finished reloading\n"}}
[debug] [2025-10-12T16:35:51.275Z] I1012 22:05:51.273955   51942 dev.go:102] Listening on address (HTTP + gRPC): 127.0.0.1:50001
 {"metadata":{"emulator":{"name":"dataconnect"},"message":"I1012 22:05:51.273955   51942 dev.go:102] Listening on address (HTTP + gRPC): 127.0.0.1:50001\n"}}
[debug] [2025-10-12T16:35:51.524Z] I1012 22:05:51.524843   51942 engine.go:169] [/emulator/petconnect 0d4e] ExecuteGraphqlRead IntrospectionQuery: succeeded. 
 {"metadata":{"emulator":{"name":"dataconnect"},"message":"I1012 22:05:51.524843   51942 engine.go:169] [/emulator/petconnect 0d4e] ExecuteGraphqlRead IntrospectionQuery: succeeded. \n"}}
[debug] [2025-10-12T16:35:51.588Z] <<< [apiv2][status] GET https://firebase.googleapis.com/v1beta1/projects 200
[debug] [2025-10-12T16:35:51.589Z] <<< [apiv2][body] GET https://firebase.googleapis.com/v1beta1/projects [omitted]
[debug] [2025-10-13T06:05:46.966Z] Object "" in "firebase.json" has unknown property: {"additionalProperty":"flutter"}
[debug] [2025-10-13T06:05:51.726Z] E1013 11:35:51.722420   51942 watch.go:31] Failed to load config from "/Users/amaymalviya/Documents/Development/MajorPP/pet_connect/dataconnect": could not find dataconnect.yaml in `/Users/amaymalviya/Documents/Development/MajorPP/pet_connect/dataconnect`
 {"metadata":{"emulator":{"name":"dataconnect"},"message":"E1013 11:35:51.722420   51942 watch.go:31] Failed to load config from \"/Users/amaymalviya/Documents/Development/MajorPP/pet_connect/dataconnect\": could not find dataconnect.yaml in `/Users/amaymalviya/Documents/Development/MajorPP/pet_connect/dataconnect`\n"}}
[debug] [2025-10-13T06:06:01.713Z] E1013 11:36:01.713135   51942 watch.go:31] Failed to load config from "/Users/amaymalviya/Documents/Development/MajorPP/pet_connect/dataconnect": could not find dataconnect.yaml in `/Users/amaymalviya/Documents/Development/MajorPP/pet_connect/dataconnect`
 {"metadata":{"emulator":{"name":"dataconnect"},"message":"E1013 11:36:01.713135   51942 watch.go:31] Failed to load config from \"/Users/amaymalviya/Documents/Development/MajorPP/pet_connect/dataconnect\": could not find dataconnect.yaml in `/Users/amaymalviya/Documents/Development/MajorPP/pet_connect/dataconnect`\n"}}
[debug] [2025-10-13T06:06:11.711Z] E1013 11:36:11.711337   51942 watch.go:31] Failed to load config from "/Users/amaymalviya/Documents/Development/MajorPP/pet_connect/dataconnect": could not find dataconnect.yaml in `/Users/amaymalviya/Documents/Development/MajorPP/pet_connect/dataconnect`
 {"metadata":{"emulator":{"name":"dataconnect"},"message":"E1013 11:36:11.711337   51942 watch.go:31] Failed to load config from \"/Users/amaymalviya/Documents/Development/MajorPP/pet_connect/dataconnect\": could not find dataconnect.yaml in `/Users/amaymalviya/Documents/Development/MajorPP/pet_connect/dataconnect`\n"}}
[debug] [2025-10-13T06:06:21.711Z] E1013 11:36:21.711048   51942 watch.go:31] Failed to load config from "/Users/amaymalviya/Documents/Development/MajorPP/pet_connect/dataconnect": could not find dataconnect.yaml in `/Users/amaymalviya/Documents/Development/MajorPP/pet_connect/dataconnect`
 {"metadata":{"emulator":{"name":"dataconnect"},"message":"E1013 11:36:21.711048   51942 watch.go:31] Failed to load config from \"/Users/amaymalviya/Documents/Development/MajorPP/pet_connect/dataconnect\": could not find dataconnect.yaml in `/Users/amaymalviya/Documents/Development/MajorPP/pet_connect/dataconnect`\n"}}
[debug] [2025-10-13T06:06:31.714Z] E1013 11:36:31.710943   51942 watch.go:31] Failed to load config from "/Users/amaymalviya/Documents/Development/MajorPP/pet_connect/dataconnect": could not find dataconnect.yaml in `/Users/amaymalviya/Documents/Development/MajorPP/pet_connect/dataconnect`
 {"metadata":{"emulator":{"name":"dataconnect"},"message":"E1013 11:36:31.710943   51942 watch.go:31] Failed to load config from \"/Users/amaymalviya/Documents/Development/MajorPP/pet_connect/dataconnect\": could not find dataconnect.yaml in `/Users/amaymalviya/Documents/Development/MajorPP/pet_connect/dataconnect`\n"}}
[debug] [2025-10-13T06:06:41.714Z] E1013 11:36:41.713092   51942 watch.go:31] Failed to load config from "/Users/amaymalviya/Documents/Development/MajorPP/pet_connect/dataconnect": could not find dataconnect.yaml in `/Users/amaymalviya/Documents/Development/MajorPP/pet_connect/dataconnect`
 {"metadata":{"emulator":{"name":"dataconnect"},"message":"E1013 11:36:41.713092   51942 watch.go:31] Failed to load config from \"/Users/amaymalviya/Documents/Development/MajorPP/pet_connect/dataconnect\": could not find dataconnect.yaml in `/Users/amaymalviya/Documents/Development/MajorPP/pet_connect/dataconnect`\n"}}
[debug] [2025-10-13T06:06:51.714Z] E1013 11:36:51.714047   51942 watch.go:31] Failed to load config from "/Users/amaymalviya/Documents/Development/MajorPP/pet_connect/dataconnect": could not find dataconnect.yaml in `/Users/amaymalviya/Documents/Development/MajorPP/pet_connect/dataconnect`
 {"metadata":{"emulator":{"name":"dataconnect"},"message":"E1013 11:36:51.714047   51942 watch.go:31] Failed to load config from \"/Users/amaymalviya/Documents/Development/MajorPP/pet_connect/dataconnect\": could not find dataconnect.yaml in `/Users/amaymalviya/Documents/Development/MajorPP/pet_connect/dataconnect`\n"}}
[debug] [2025-10-13T06:27:01.689Z] E1013 11:57:01.686490   51942 watch.go:31] Failed to load config from "/Users/amaymalviya/Documents/Development/MajorPP/pet_connect/dataconnect": could not find dataconnect.yaml in `/Users/amaymalviya/Documents/Development/MajorPP/pet_connect/dataconnect`
 {"metadata":{"emulator":{"name":"dataconnect"},"message":"E1013 11:57:01.686490   51942 watch.go:31] Failed to load config from \"/Users/amaymalviya/Documents/Development/MajorPP/pet_connect/dataconnect\": could not find dataconnect.yaml in `/Users/amaymalviya/Documents/Development/MajorPP/pet_connect/dataconnect`\n"}}
[info] [Firebase Plugin] Stopping Data Connect toolkit
[warn] ⚠  Data Connect Emulator has exited upon receiving signal: SIGINT 
[debug] [2025-10-13T06:27:55.080Z] [Firebase Plugin] Activating Firebase extension.
[debug] [2025-10-13T06:27:58.896Z] [Firebase Plugin] requireAuthWrapper
[debug] [2025-10-13T06:27:58.898Z] > command requires scopes: ["email","openid","https://www.googleapis.com/auth/cloudplatformprojects.readonly","https://www.googleapis.com/auth/firebase","https://www.googleapis.com/auth/cloud-platform"]
[debug] [2025-10-13T06:27:58.898Z] > authorizing via signed-in user (amaymalviya2@gmail.com)
[debug] [2025-10-13T06:27:58.901Z] Checked if tokens are valid: false, expires at: 1760290549557
[debug] [2025-10-13T06:27:58.901Z] Checked if tokens are valid: false, expires at: 1760290549557
[debug] [2025-10-13T06:27:58.901Z] > refreshing access token with scopes: []
[debug] [2025-10-13T06:27:58.903Z] >>> [apiv2][query] POST https://www.googleapis.com/oauth2/v3/token [none]
[debug] [2025-10-13T06:27:58.903Z] >>> [apiv2][body] POST https://www.googleapis.com/oauth2/v3/token [omitted]
[debug] [2025-10-13T06:27:58.910Z] [Firebase Plugin] VSCode notification server listening on port 40001
[info] [Firebase Plugin] Starting Data Connect toolkit (version 2.14.0) on port 50001
[info] i  dataconnect: downloading dataconnect-emulator-2.14.0... {"metadata":{"emulator":{"name":"dataconnect"},"message":"downloading dataconnect-emulator-2.14.0..."}}
[debug] [2025-10-13T06:27:59.214Z] >>> [apiv2][query] GET https://storage.googleapis.com/firemat-preview-drop/emulator/dataconnect-emulator-macos-v2.14.0 
[debug] [2025-10-13T06:27:59.234Z] <<< [apiv2][status] POST https://www.googleapis.com/oauth2/v3/token 200
[debug] [2025-10-13T06:27:59.235Z] <<< [apiv2][body] POST https://www.googleapis.com/oauth2/v3/token [omitted]
[debug] [2025-10-13T06:27:59.247Z] [Firebase Plugin] User found:  amaymalviya2@gmail.com
[info] [Firebase Plugin] (Core:Project) New user detected, fetching projects
[debug] [2025-10-13T06:27:59.248Z] Checked if tokens are valid: true, expires at: 1760340478235
[debug] [2025-10-13T06:27:59.248Z] >>> [apiv2][query] GET https://firebase.googleapis.com/v1beta1/projects pageSize=1000
[debug] [2025-10-13T06:27:59.807Z] <<< [apiv2][status] GET https://storage.googleapis.com/firemat-preview-drop/emulator/dataconnect-emulator-macos-v2.14.0 200
[debug] [2025-10-13T06:27:59.808Z] <<< [apiv2][body] GET https://storage.googleapis.com/firemat-preview-drop/emulator/dataconnect-emulator-macos-v2.14.0 [stream]
[debug] [2025-10-13T06:28:00.046Z] <<< [apiv2][status] GET https://firebase.googleapis.com/v1beta1/projects 200
[debug] [2025-10-13T06:28:00.046Z] <<< [apiv2][body] GET https://firebase.googleapis.com/v1beta1/projects [omitted]
[info] i  dataconnect: Removing outdated emulator files: dataconnect-emulator-2.13.0 {"metadata":{"emulator":{"name":"dataconnect"},"message":"Removing outdated emulator files: dataconnect-emulator-2.13.0"}}
[debug] [2025-10-13T06:28:07.152Z] I1013 11:58:07.138508   71106 control.go:94] [/emulator/petconnect a60f] UpdateResources(): done
Main schema: sources: schema/schema.gql [2088B] 
Connector "default": sources: connector/mutations.gql [1301B] connector/queries.gql [1947B] 
 {"metadata":{"emulator":{"name":"dataconnect"},"message":"I1013 11:58:07.138508   71106 control.go:94] [/emulator/petconnect a60f] UpdateResources(): done\nMain schema: sources: schema/schema.gql [2088B] \nConnector \"default\": sources: connector/mutations.gql [1301B] connector/queries.gql [1947B] \n"}}
[debug] [2025-10-13T06:28:07.154Z] Ignoring unsupported arg: auto_download {"metadata":{"emulator":{"name":"dataconnect"},"message":"Ignoring unsupported arg: auto_download"}}
[debug] [2025-10-13T06:28:07.154Z] Ignoring unsupported arg: port {"metadata":{"emulator":{"name":"dataconnect"},"message":"Ignoring unsupported arg: port"}}
[debug] [2025-10-13T06:28:07.154Z] Starting Data Connect Emulator with command {"binary":"/Users/amaymalviya/.cache/firebase/emulators/dataconnect-emulator-2.14.0","args":["--logtostderr","-v=2","dev","--listen=localhost:50001","--config_dir=/Users/amaymalviya/Documents/Development/MajorPP/pet_connect/dataconnect","--enable_output_schema_extensions=true","--enable_output_generated_sdk=true"],"optionalArgs":["listen","config_dir","enable_output_schema_extensions","enable_output_generated_sdk"],"joinArgs":true,"shell":false,"port":9399} {"metadata":{"emulator":{"name":"dataconnect"},"message":"Starting Data Connect Emulator with command {\"binary\":\"/Users/amaymalviya/.cache/firebase/emulators/dataconnect-emulator-2.14.0\",\"args\":[\"--logtostderr\",\"-v=2\",\"dev\",\"--listen=localhost:50001\",\"--config_dir=/Users/amaymalviya/Documents/Development/MajorPP/pet_connect/dataconnect\",\"--enable_output_schema_extensions=true\",\"--enable_output_generated_sdk=true\"],\"optionalArgs\":[\"listen\",\"config_dir\",\"enable_output_schema_extensions\",\"enable_output_generated_sdk\"],\"joinArgs\":true,\"shell\":false,\"port\":9399}"}}
[info] i  dataconnect: Data Connect Emulator logging to dataconnect-debug.log {"metadata":{"emulator":{"name":"dataconnect"},"message":"Data Connect Emulator logging to dataconnect-debug.log"}}
[debug] [2025-10-13T06:28:07.375Z] I1013 11:58:07.373735   71113 load.go:31] Reloading schema and connectors...
 {"metadata":{"emulator":{"name":"dataconnect"},"message":"I1013 11:58:07.373735   71113 load.go:31] Reloading schema and connectors...\n"}}
[debug] [2025-10-13T06:28:07.404Z] I1013 11:58:07.404758   71113 control.go:94] [/emulator/petconnect 1fae] UpdateResources(): done
Main schema: sources: schema/schema.gql [2088B] 
Connector "default": sources: connector/mutations.gql [1301B] connector/queries.gql [1947B] 
 {"metadata":{"emulator":{"name":"dataconnect"},"message":"I1013 11:58:07.404758   71113 control.go:94] [/emulator/petconnect 1fae] UpdateResources(): done\nMain schema: sources: schema/schema.gql [2088B] \nConnector \"default\": sources: connector/mutations.gql [1301B] connector/queries.gql [1947B] \n"}}
[debug] [2025-10-13T06:28:07.428Z] I1013 11:58:07.428151   71113 collector.go:107] schema extensions wrote into "/Users/amaymalviya/Documents/Development/MajorPP/pet_connect/dataconnect/.dataconnect/schema"
Generated sources: prelude.gql [73219B] 
 {"metadata":{"emulator":{"name":"dataconnect"},"message":"I1013 11:58:07.428151   71113 collector.go:107] schema extensions wrote into \"/Users/amaymalviya/Documents/Development/MajorPP/pet_connect/dataconnect/.dataconnect/schema\"\nGenerated sources: prelude.gql [73219B] \n"}}
[debug] [2025-10-13T06:28:07.429Z] I1013 11:58:07.428316   71113 load.go:109] Finished reloading
 {"metadata":{"emulator":{"name":"dataconnect"},"message":"I1013 11:58:07.428316   71113 load.go:109] Finished reloading\n"}}
[debug] [2025-10-13T06:28:07.435Z] I1013 11:58:07.435077   71113 dev.go:102] Listening on address (HTTP + gRPC): 127.0.0.1:50001
 {"metadata":{"emulator":{"name":"dataconnect"},"message":"I1013 11:58:07.435077   71113 dev.go:102] Listening on address (HTTP + gRPC): 127.0.0.1:50001\n"}}
[debug] [2025-10-13T06:28:07.758Z] I1013 11:58:07.757904   71113 engine.go:169] [/emulator/petconnect 1fae] ExecuteGraphqlRead IntrospectionQuery: succeeded. 
 {"metadata":{"emulator":{"name":"dataconnect"},"message":"I1013 11:58:07.757904   71113 engine.go:169] [/emulator/petconnect 1fae] ExecuteGraphqlRead IntrospectionQuery: succeeded. \n"}}
[info] [Firebase Plugin] Stopping Data Connect toolkit
[warn] ⚠  Data Connect Emulator has exited upon receiving signal: SIGINT 
[debug] [2025-10-13T06:28:45.669Z] [Firebase Plugin] Activating Firebase extension.
[debug] [2025-10-13T06:28:49.277Z] [Firebase Plugin] requireAuthWrapper
[debug] [2025-10-13T06:28:49.278Z] > command requires scopes: ["email","openid","https://www.googleapis.com/auth/cloudplatformprojects.readonly","https://www.googleapis.com/auth/firebase","https://www.googleapis.com/auth/cloud-platform"]
[debug] [2025-10-13T06:28:49.278Z] > authorizing via signed-in user (amaymalviya2@gmail.com)
[debug] [2025-10-13T06:28:49.281Z] Checked if tokens are valid: true, expires at: 1760340478235
[debug] [2025-10-13T06:28:49.282Z] Checked if tokens are valid: true, expires at: 1760340478235
[debug] [2025-10-13T06:28:49.282Z] [Firebase Plugin] User found:  amaymalviya2@gmail.com
[info] [Firebase Plugin] (Core:Project) New user detected, fetching projects
[debug] [2025-10-13T06:28:49.283Z] Checked if tokens are valid: true, expires at: 1760340478235
[debug] [2025-10-13T06:28:49.284Z] >>> [apiv2][query] GET https://firebase.googleapis.com/v1beta1/projects pageSize=1000
[debug] [2025-10-13T06:28:49.291Z] [Firebase Plugin] VSCode notification server listening on port 40001
[info] [Firebase Plugin] Starting Data Connect toolkit (version 2.14.0) on port 50001
[debug] [2025-10-13T06:28:52.531Z] I1013 11:58:52.517237   71612 control.go:94] [/emulator/petconnect 176e] UpdateResources(): done
Main schema: sources: schema/schema.gql [2088B] 
Connector "default": sources: connector/mutations.gql [1301B] connector/queries.gql [1947B] 
 {"metadata":{"emulator":{"name":"dataconnect"},"message":"I1013 11:58:52.517237   71612 control.go:94] [/emulator/petconnect 176e] UpdateResources(): done\nMain schema: sources: schema/schema.gql [2088B] \nConnector \"default\": sources: connector/mutations.gql [1301B] connector/queries.gql [1947B] \n"}}
[debug] [2025-10-13T06:28:52.532Z] Ignoring unsupported arg: auto_download {"metadata":{"emulator":{"name":"dataconnect"},"message":"Ignoring unsupported arg: auto_download"}}
[debug] [2025-10-13T06:28:52.532Z] Ignoring unsupported arg: port {"metadata":{"emulator":{"name":"dataconnect"},"message":"Ignoring unsupported arg: port"}}
[debug] [2025-10-13T06:28:52.532Z] Starting Data Connect Emulator with command {"binary":"/Users/amaymalviya/.cache/firebase/emulators/dataconnect-emulator-2.14.0","args":["--logtostderr","-v=2","dev","--listen=localhost:50001","--config_dir=/Users/amaymalviya/Documents/Development/MajorPP/pet_connect/dataconnect","--enable_output_schema_extensions=true","--enable_output_generated_sdk=true"],"optionalArgs":["listen","config_dir","enable_output_schema_extensions","enable_output_generated_sdk"],"joinArgs":true,"shell":false,"port":9399} {"metadata":{"emulator":{"name":"dataconnect"},"message":"Starting Data Connect Emulator with command {\"binary\":\"/Users/amaymalviya/.cache/firebase/emulators/dataconnect-emulator-2.14.0\",\"args\":[\"--logtostderr\",\"-v=2\",\"dev\",\"--listen=localhost:50001\",\"--config_dir=/Users/amaymalviya/Documents/Development/MajorPP/pet_connect/dataconnect\",\"--enable_output_schema_extensions=true\",\"--enable_output_generated_sdk=true\"],\"optionalArgs\":[\"listen\",\"config_dir\",\"enable_output_schema_extensions\",\"enable_output_generated_sdk\"],\"joinArgs\":true,\"shell\":false,\"port\":9399}"}}
[info] i  dataconnect: Data Connect Emulator logging to dataconnect-debug.log {"metadata":{"emulator":{"name":"dataconnect"},"message":"Data Connect Emulator logging to dataconnect-debug.log"}}
[debug] [2025-10-13T06:28:52.578Z] <<< [apiv2][status] GET https://firebase.googleapis.com/v1beta1/projects 200
[debug] [2025-10-13T06:28:52.578Z] <<< [apiv2][body] GET https://firebase.googleapis.com/v1beta1/projects [omitted]
[debug] [2025-10-13T06:28:53.055Z] I1013 11:58:53.049651   71614 load.go:31] Reloading schema and connectors...
 {"metadata":{"emulator":{"name":"dataconnect"},"message":"I1013 11:58:53.049651   71614 load.go:31] Reloading schema and connectors...\n"}}
[debug] [2025-10-13T06:28:53.086Z] I1013 11:58:53.086676   71614 control.go:94] [/emulator/petconnect da2e] UpdateResources(): done
Main schema: sources: schema/schema.gql [2088B] 
Connector "default": sources: connector/mutations.gql [1301B] connector/queries.gql [1947B] 
 {"metadata":{"emulator":{"name":"dataconnect"},"message":"I1013 11:58:53.086676   71614 control.go:94] [/emulator/petconnect da2e] UpdateResources(): done\nMain schema: sources: schema/schema.gql [2088B] \nConnector \"default\": sources: connector/mutations.gql [1301B] connector/queries.gql [1947B] \n"}}
[debug] [2025-10-13T06:28:53.110Z] I1013 11:58:53.110097   71614 collector.go:107] schema extensions wrote into "/Users/amaymalviya/Documents/Development/MajorPP/pet_connect/dataconnect/.dataconnect/schema"
Generated sources: prelude.gql [73219B] 
 {"metadata":{"emulator":{"name":"dataconnect"},"message":"I1013 11:58:53.110097   71614 collector.go:107] schema extensions wrote into \"/Users/amaymalviya/Documents/Development/MajorPP/pet_connect/dataconnect/.dataconnect/schema\"\nGenerated sources: prelude.gql [73219B] \n"}}
[debug] [2025-10-13T06:28:53.111Z] I1013 11:58:53.110907   71614 load.go:109] Finished reloading
 {"metadata":{"emulator":{"name":"dataconnect"},"message":"I1013 11:58:53.110907   71614 load.go:109] Finished reloading\n"}}
[debug] [2025-10-13T06:28:53.121Z] I1013 11:58:53.120817   71614 dev.go:102] Listening on address (HTTP + gRPC): 127.0.0.1:50001
 {"metadata":{"emulator":{"name":"dataconnect"},"message":"I1013 11:58:53.120817   71614 dev.go:102] Listening on address (HTTP + gRPC): 127.0.0.1:50001\n"}}
[debug] [2025-10-13T06:28:53.326Z] I1013 11:58:53.326176   71614 engine.go:169] [/emulator/petconnect da2e] ExecuteGraphqlRead IntrospectionQuery: succeeded. 
 {"metadata":{"emulator":{"name":"dataconnect"},"message":"I1013 11:58:53.326176   71614 engine.go:169] [/emulator/petconnect da2e] ExecuteGraphqlRead IntrospectionQuery: succeeded. \n"}}
[debug] [2025-10-13T06:30:42.772Z] Object "" in "firebase.json" has unknown property: {"additionalProperty":"flutter"}
[debug] [2025-10-13T06:30:43.606Z] E1013 12:00:43.117238   71614 watch.go:31] Failed to load config from "/Users/amaymalviya/Documents/Development/MajorPP/pet_connect/dataconnect": could not find dataconnect.yaml in `/Users/amaymalviya/Documents/Development/MajorPP/pet_connect/dataconnect`
 {"metadata":{"emulator":{"name":"dataconnect"},"message":"E1013 12:00:43.117238   71614 watch.go:31] Failed to load config from \"/Users/amaymalviya/Documents/Development/MajorPP/pet_connect/dataconnect\": could not find dataconnect.yaml in `/Users/amaymalviya/Documents/Development/MajorPP/pet_connect/dataconnect`\n"}}
[debug] [2025-10-13T06:30:53.115Z] E1013 12:00:53.114068   71614 watch.go:31] Failed to load config from "/Users/amaymalviya/Documents/Development/MajorPP/pet_connect/dataconnect": could not find dataconnect.yaml in `/Users/amaymalviya/Documents/Development/MajorPP/pet_connect/dataconnect`
 {"metadata":{"emulator":{"name":"dataconnect"},"message":"E1013 12:00:53.114068   71614 watch.go:31] Failed to load config from \"/Users/amaymalviya/Documents/Development/MajorPP/pet_connect/dataconnect\": could not find dataconnect.yaml in `/Users/amaymalviya/Documents/Development/MajorPP/pet_connect/dataconnect`\n"}}
[debug] [2025-10-13T06:31:03.118Z] E1013 12:01:03.112344   71614 watch.go:31] Failed to load config from "/Users/amaymalviya/Documents/Development/MajorPP/pet_connect/dataconnect": could not find dataconnect.yaml in `/Users/amaymalviya/Documents/Development/MajorPP/pet_connect/dataconnect`
 {"metadata":{"emulator":{"name":"dataconnect"},"message":"E1013 12:01:03.112344   71614 watch.go:31] Failed to load config from \"/Users/amaymalviya/Documents/Development/MajorPP/pet_connect/dataconnect\": could not find dataconnect.yaml in `/Users/amaymalviya/Documents/Development/MajorPP/pet_connect/dataconnect`\n"}}
[debug] [2025-10-13T06:31:13.112Z] E1013 12:01:13.110814   71614 watch.go:31] Failed to load config from "/Users/amaymalviya/Documents/Development/MajorPP/pet_connect/dataconnect": could not find dataconnect.yaml in `/Users/amaymalviya/Documents/Development/MajorPP/pet_connect/dataconnect`
 {"metadata":{"emulator":{"name":"dataconnect"},"message":"E1013 12:01:13.110814   71614 watch.go:31] Failed to load config from \"/Users/amaymalviya/Documents/Development/MajorPP/pet_connect/dataconnect\": could not find dataconnect.yaml in `/Users/amaymalviya/Documents/Development/MajorPP/pet_connect/dataconnect`\n"}}
[debug] [2025-10-13T06:31:23.112Z] E1013 12:01:23.111308   71614 watch.go:31] Failed to load config from "/Users/amaymalviya/Documents/Development/MajorPP/pet_connect/dataconnect": could not find dataconnect.yaml in `/Users/amaymalviya/Documents/Development/MajorPP/pet_connect/dataconnect`
 {"metadata":{"emulator":{"name":"dataconnect"},"message":"E1013 12:01:23.111308   71614 watch.go:31] Failed to load config from \"/Users/amaymalviya/Documents/Development/MajorPP/pet_connect/dataconnect\": could not find dataconnect.yaml in `/Users/amaymalviya/Documents/Development/MajorPP/pet_connect/dataconnect`\n"}}
[debug] [2025-10-13T06:31:33.116Z] E1013 12:01:33.115344   71614 watch.go:31] Failed to load config from "/Users/amaymalviya/Documents/Development/MajorPP/pet_connect/dataconnect": could not find dataconnect.yaml in `/Users/amaymalviya/Documents/Development/MajorPP/pet_connect/dataconnect`
 {"metadata":{"emulator":{"name":"dataconnect"},"message":"E1013 12:01:33.115344   71614 watch.go:31] Failed to load config from \"/Users/amaymalviya/Documents/Development/MajorPP/pet_connect/dataconnect\": could not find dataconnect.yaml in `/Users/amaymalviya/Documents/Development/MajorPP/pet_connect/dataconnect`\n"}}
[debug] [2025-10-13T06:32:03.124Z] E1013 12:02:03.120717   71614 watch.go:31] Failed to load config from "/Users/amaymalviya/Documents/Development/MajorPP/pet_connect/dataconnect": could not find dataconnect.yaml in `/Users/amaymalviya/Documents/Development/MajorPP/pet_connect/dataconnect`
 {"metadata":{"emulator":{"name":"dataconnect"},"message":"E1013 12:02:03.120717   71614 watch.go:31] Failed to load config from \"/Users/amaymalviya/Documents/Development/MajorPP/pet_connect/dataconnect\": could not find dataconnect.yaml in `/Users/amaymalviya/Documents/Development/MajorPP/pet_connect/dataconnect`\n"}}
[debug] [2025-10-13T06:32:13.111Z] E1013 12:02:13.110493   71614 watch.go:31] Failed to load config from "/Users/amaymalviya/Documents/Development/MajorPP/pet_connect/dataconnect": could not find dataconnect.yaml in `/Users/amaymalviya/Documents/Development/MajorPP/pet_connect/dataconnect`
 {"metadata":{"emulator":{"name":"dataconnect"},"message":"E1013 12:02:13.110493   71614 watch.go:31] Failed to load config from \"/Users/amaymalviya/Documents/Development/MajorPP/pet_connect/dataconnect\": could not find dataconnect.yaml in `/Users/amaymalviya/Documents/Development/MajorPP/pet_connect/dataconnect`\n"}}
[debug] [2025-10-13T06:32:23.115Z] E1013 12:02:23.111133   71614 watch.go:31] Failed to load config from "/Users/amaymalviya/Documents/Development/MajorPP/pet_connect/dataconnect": could not find dataconnect.yaml in `/Users/amaymalviya/Documents/Development/MajorPP/pet_connect/dataconnect`
 {"metadata":{"emulator":{"name":"dataconnect"},"message":"E1013 12:02:23.111133   71614 watch.go:31] Failed to load config from \"/Users/amaymalviya/Documents/Development/MajorPP/pet_connect/dataconnect\": could not find dataconnect.yaml in `/Users/amaymalviya/Documents/Development/MajorPP/pet_connect/dataconnect`\n"}}
[debug] [2025-10-13T06:32:33.109Z] E1013 12:02:33.109316   71614 watch.go:31] Failed to load config from "/Users/amaymalviya/Documents/Development/MajorPP/pet_connect/dataconnect": could not find dataconnect.yaml in `/Users/amaymalviya/Documents/Development/MajorPP/pet_connect/dataconnect`
 {"metadata":{"emulator":{"name":"dataconnect"},"message":"E1013 12:02:33.109316   71614 watch.go:31] Failed to load config from \"/Users/amaymalviya/Documents/Development/MajorPP/pet_connect/dataconnect\": could not find dataconnect.yaml in `/Users/amaymalviya/Documents/Development/MajorPP/pet_connect/dataconnect`\n"}}
[debug] [2025-10-13T06:32:43.109Z] E1013 12:02:43.109521   71614 watch.go:31] Failed to load config from "/Users/amaymalviya/Documents/Development/MajorPP/pet_connect/dataconnect": could not find dataconnect.yaml in `/Users/amaymalviya/Documents/Development/MajorPP/pet_connect/dataconnect`
 {"metadata":{"emulator":{"name":"dataconnect"},"message":"E1013 12:02:43.109521   71614 watch.go:31] Failed to load config from \"/Users/amaymalviya/Documents/Development/MajorPP/pet_connect/dataconnect\": could not find dataconnect.yaml in `/Users/amaymalviya/Documents/Development/MajorPP/pet_connect/dataconnect`\n"}}
[debug] [2025-10-13T06:32:53.110Z] E1013 12:02:53.110051   71614 watch.go:31] Failed to load config from "/Users/amaymalviya/Documents/Development/MajorPP/pet_connect/dataconnect": could not find dataconnect.yaml in `/Users/amaymalviya/Documents/Development/MajorPP/pet_connect/dataconnect`
 {"metadata":{"emulator":{"name":"dataconnect"},"message":"E1013 12:02:53.110051   71614 watch.go:31] Failed to load config from \"/Users/amaymalviya/Documents/Development/MajorPP/pet_connect/dataconnect\": could not find dataconnect.yaml in `/Users/amaymalviya/Documents/Development/MajorPP/pet_connect/dataconnect`\n"}}
[debug] [2025-10-13T06:33:03.110Z] E1013 12:03:03.109375   71614 watch.go:31] Failed to load config from "/Users/amaymalviya/Documents/Development/MajorPP/pet_connect/dataconnect": could not find dataconnect.yaml in `/Users/amaymalviya/Documents/Development/MajorPP/pet_connect/dataconnect`
 {"metadata":{"emulator":{"name":"dataconnect"},"message":"E1013 12:03:03.109375   71614 watch.go:31] Failed to load config from \"/Users/amaymalviya/Documents/Development/MajorPP/pet_connect/dataconnect\": could not find dataconnect.yaml in `/Users/amaymalviya/Documents/Development/MajorPP/pet_connect/dataconnect`\n"}}
[debug] [2025-10-13T06:33:13.134Z] E1013 12:03:13.126771   71614 watch.go:31] Failed to load config from "/Users/amaymalviya/Documents/Development/MajorPP/pet_connect/dataconnect": could not find dataconnect.yaml in `/Users/amaymalviya/Documents/Development/MajorPP/pet_connect/dataconnect`
 {"metadata":{"emulator":{"name":"dataconnect"},"message":"E1013 12:03:13.126771   71614 watch.go:31] Failed to load config from \"/Users/amaymalviya/Documents/Development/MajorPP/pet_connect/dataconnect\": could not find dataconnect.yaml in `/Users/amaymalviya/Documents/Development/MajorPP/pet_connect/dataconnect`\n"}}
[debug] [2025-10-13T06:33:23.108Z] E1013 12:03:23.108046   71614 watch.go:31] Failed to load config from "/Users/amaymalviya/Documents/Development/MajorPP/pet_connect/dataconnect": could not find dataconnect.yaml in `/Users/amaymalviya/Documents/Development/MajorPP/pet_connect/dataconnect`
 {"metadata":{"emulator":{"name":"dataconnect"},"message":"E1013 12:03:23.108046   71614 watch.go:31] Failed to load config from \"/Users/amaymalviya/Documents/Development/MajorPP/pet_connect/dataconnect\": could not find dataconnect.yaml in `/Users/amaymalviya/Documents/Development/MajorPP/pet_connect/dataconnect`\n"}}
[debug] [2025-10-13T06:33:33.108Z] E1013 12:03:33.108552   71614 watch.go:31] Failed to load config from "/Users/amaymalviya/Documents/Development/MajorPP/pet_connect/dataconnect": could not find dataconnect.yaml in `/Users/amaymalviya/Documents/Development/MajorPP/pet_connect/dataconnect`
 {"metadata":{"emulator":{"name":"dataconnect"},"message":"E1013 12:03:33.108552   71614 watch.go:31] Failed to load config from \"/Users/amaymalviya/Documents/Development/MajorPP/pet_connect/dataconnect\": could not find dataconnect.yaml in `/Users/amaymalviya/Documents/Development/MajorPP/pet_connect/dataconnect`\n"}}
[debug] [2025-10-13T06:33:43.124Z] E1013 12:03:43.111236   71614 watch.go:31] Failed to load config from "/Users/amaymalviya/Documents/Development/MajorPP/pet_connect/dataconnect": could not find dataconnect.yaml in `/Users/amaymalviya/Documents/Development/MajorPP/pet_connect/dataconnect`
 {"metadata":{"emulator":{"name":"dataconnect"},"message":"E1013 12:03:43.111236   71614 watch.go:31] Failed to load config from \"/Users/amaymalviya/Documents/Development/MajorPP/pet_connect/dataconnect\": could not find dataconnect.yaml in `/Users/amaymalviya/Documents/Development/MajorPP/pet_connect/dataconnect`\n"}}
[debug] [2025-10-13T06:33:53.110Z] E1013 12:03:53.109669   71614 watch.go:31] Failed to load config from "/Users/amaymalviya/Documents/Development/MajorPP/pet_connect/dataconnect": could not find dataconnect.yaml in `/Users/amaymalviya/Documents/Development/MajorPP/pet_connect/dataconnect`
 {"metadata":{"emulator":{"name":"dataconnect"},"message":"E1013 12:03:53.109669   71614 watch.go:31] Failed to load config from \"/Users/amaymalviya/Documents/Development/MajorPP/pet_connect/dataconnect\": could not find dataconnect.yaml in `/Users/amaymalviya/Documents/Development/MajorPP/pet_connect/dataconnect`\n"}}
[debug] [2025-10-13T06:34:03.110Z] E1013 12:04:03.109377   71614 watch.go:31] Failed to load config from "/Users/amaymalviya/Documents/Development/MajorPP/pet_connect/dataconnect": could not find dataconnect.yaml in `/Users/amaymalviya/Documents/Development/MajorPP/pet_connect/dataconnect`
 {"metadata":{"emulator":{"name":"dataconnect"},"message":"E1013 12:04:03.109377   71614 watch.go:31] Failed to load config from \"/Users/amaymalviya/Documents/Development/MajorPP/pet_connect/dataconnect\": could not find dataconnect.yaml in `/Users/amaymalviya/Documents/Development/MajorPP/pet_connect/dataconnect`\n"}}
[debug] [2025-10-13T06:34:13.108Z] E1013 12:04:13.108026   71614 watch.go:31] Failed to load config from "/Users/amaymalviya/Documents/Development/MajorPP/pet_connect/dataconnect": could not find dataconnect.yaml in `/Users/amaymalviya/Documents/Development/MajorPP/pet_connect/dataconnect`
 {"metadata":{"emulator":{"name":"dataconnect"},"message":"E1013 12:04:13.108026   71614 watch.go:31] Failed to load config from \"/Users/amaymalviya/Documents/Development/MajorPP/pet_connect/dataconnect\": could not find dataconnect.yaml in `/Users/amaymalviya/Documents/Development/MajorPP/pet_connect/dataconnect`\n"}}
[debug] [2025-10-13T06:34:23.110Z] E1013 12:04:23.110546   71614 watch.go:31] Failed to load config from "/Users/amaymalviya/Documents/Development/MajorPP/pet_connect/dataconnect": could not find dataconnect.yaml in `/Users/amaymalviya/Documents/Development/MajorPP/pet_connect/dataconnect`
 {"metadata":{"emulator":{"name":"dataconnect"},"message":"E1013 12:04:23.110546   71614 watch.go:31] Failed to load config from \"/Users/amaymalviya/Documents/Development/MajorPP/pet_connect/dataconnect\": could not find dataconnect.yaml in `/Users/amaymalviya/Documents/Development/MajorPP/pet_connect/dataconnect`\n"}}
[debug] [2025-10-13T06:34:33.107Z] E1013 12:04:33.106753   71614 watch.go:31] Failed to load config from "/Users/amaymalviya/Documents/Development/MajorPP/pet_connect/dataconnect": could not find dataconnect.yaml in `/Users/amaymalviya/Documents/Development/MajorPP/pet_connect/dataconnect`
 {"metadata":{"emulator":{"name":"dataconnect"},"message":"E1013 12:04:33.106753   71614 watch.go:31] Failed to load config from \"/Users/amaymalviya/Documents/Development/MajorPP/pet_connect/dataconnect\": could not find dataconnect.yaml in `/Users/amaymalviya/Documents/Development/MajorPP/pet_connect/dataconnect`\n"}}
[debug] [2025-10-13T06:34:43.105Z] E1013 12:04:43.105746   71614 watch.go:31] Failed to load config from "/Users/amaymalviya/Documents/Development/MajorPP/pet_connect/dataconnect": could not find dataconnect.yaml in `/Users/amaymalviya/Documents/Development/MajorPP/pet_connect/dataconnect`
 {"metadata":{"emulator":{"name":"dataconnect"},"message":"E1013 12:04:43.105746   71614 watch.go:31] Failed to load config from \"/Users/amaymalviya/Documents/Development/MajorPP/pet_connect/dataconnect\": could not find dataconnect.yaml in `/Users/amaymalviya/Documents/Development/MajorPP/pet_connect/dataconnect`\n"}}
[debug] [2025-10-13T06:34:53.108Z] E1013 12:04:53.107932   71614 watch.go:31] Failed to load config from "/Users/amaymalviya/Documents/Development/MajorPP/pet_connect/dataconnect": could not find dataconnect.yaml in `/Users/amaymalviya/Documents/Development/MajorPP/pet_connect/dataconnect`
 {"metadata":{"emulator":{"name":"dataconnect"},"message":"E1013 12:04:53.107932   71614 watch.go:31] Failed to load config from \"/Users/amaymalviya/Documents/Development/MajorPP/pet_connect/dataconnect\": could not find dataconnect.yaml in `/Users/amaymalviya/Documents/Development/MajorPP/pet_connect/dataconnect`\n"}}
